,h,r,t,head-batch,tail-batch,ranks
0,1678,7,9202,1,48,24.5
1,17935,9,35175,1,1,1.0
2,785,8,23537,40938,21581,31259.5
3,16176,4,33688,1398,1251,1324.5
4,18671,0,11241,5,2,3.5
5,15582,0,4030,9,2,5.5
6,19165,0,2969,11874,12685,12279.5
7,16748,6,29001,3,1,2.0
8,31740,0,1183,2,1,1.5
9,26184,1,32091,2,10,6.0
10,4194,1,6975,1,1,1.0
11,15602,0,4367,39325,40846,40085.5
12,24512,1,24859,1,1,1.0
13,33182,0,5053,15520,17098,16309.0
14,5945,6,10270,8,51,29.5
15,5109,0,22368,4711,7779,6245.0
16,20774,0,8060,6,24,15.0
17,12274,1,9268,1,1,1.0
18,12842,1,15886,1,1,1.0
19,13394,1,3789,1,1,1.0
20,38200,3,8055,2,1,1.5
21,36698,0,586,3229,30562,16895.5
22,38212,2,121,375,4,189.5
23,40757,0,1311,16800,40879,28839.5
24,18270,1,18269,1,1,1.0
25,13049,0,4990,20,4,12.0
26,29179,1,10971,1,1,1.0
27,23886,0,6769,7,4,5.5
28,30612,0,4411,14528,16960,15744.0
29,14866,0,3633,311,89,200.0
30,35748,0,11399,24561,28646,26603.5
31,31413,0,15186,1,1,1.0
32,20145,0,11015,4,1,2.5
33,40728,5,914,18420,40922,29671.0
34,5734,1,377,1,1,1.0
35,1255,6,24915,13602,14033,13817.5
36,14244,1,11981,1,1,1.0
37,19390,0,4369,2642,2083,2362.5
38,10990,1,4301,1,1,1.0
39,16398,1,2783,1,1,1.0
40,31737,0,16660,1,1,1.0
41,40758,0,6286,17494,38433,27963.5
42,40759,0,45,22168,40840,31504.0
43,30663,4,40225,22,62,42.0
44,14235,0,20549,6,2,4.0
45,15727,0,20842,577,1071,824.0
46,28017,0,10090,20119,33035,26577.0
47,32851,1,11382,2,1,1.5
48,21858,0,14369,35510,39162,37336.0
49,34003,0,20650,13,13,13.0
50,5656,1,624,1,1,1.0
51,32035,1,33317,1,1,1.0
52,6074,0,11052,2604,7650,5127.0
53,31355,4,35983,28,170,99.0
54,10203,0,23680,1402,2365,1883.5
55,34114,4,1598,6,56,31.0
56,15430,4,617,1,1,1.0
57,40760,0,3796,15221,35093,25157.0
58,27089,0,25460,1,1,1.0
59,38920,0,20791,650,696,673.0
60,26740,0,15987,205,186,195.5
61,33592,0,3640,9,1,5.0
62,21749,0,16741,1,1,1.0
63,40287,6,21134,5,7,6.0
64,14022,1,6297,1,1,1.0
65,40761,0,448,13902,14121,14011.5
66,23685,1,146,1,1,1.0
67,24780,0,39997,9729,12358,11043.5
68,40762,0,1763,17765,31407,24586.0
69,6572,1,6944,1,1,1.0
70,4031,1,9327,1,1,1.0
71,37067,1,10473,1,1,1.0
72,23647,0,1338,4,1,2.5
73,23277,0,13709,1946,6317,4131.5
74,3947,0,12235,392,130,261.0
75,12250,1,12717,1,1,1.0
76,271,6,40026,210,924,567.0
77,14931,1,36099,1,2,1.5
78,14576,5,2971,165,1,83.0
79,7443,1,25067,1,1,1.0
80,16880,0,18633,146,44,95.0
81,17282,0,228,38007,40848,39427.5
82,40763,0,987,17559,38804,28181.5
83,20046,0,4696,67,16,41.5
84,8415,2,7033,1,1,1.0
85,15870,1,18392,1,1,1.0
86,25546,5,914,34,1,17.5
87,3787,1,8742,1,1,1.0
88,11482,1,10803,1,1,1.0
89,2901,0,30222,36212,38054,37133.0
90,13394,0,3459,14843,34087,24465.0
91,10581,4,27666,16867,19695,18281.0
92,11449,2,6220,873,6823,3848.0
93,258,6,35861,39762,9858,24810.0
94,25183,3,11235,17960,40212,29086.0
95,15107,1,15106,1,1,1.0
96,20809,4,32206,63,281,172.0
97,4981,1,17073,1,1,1.0
98,16542,0,4523,45,17,31.0
99,10161,1,10160,1,1,1.0
100,26185,1,15249,1,1,1.0
101,1771,1,1770,1,1,1.0
102,24128,0,8842,13219,15516,14367.5
103,26157,1,31405,1,1,1.0
104,6096,1,29574,1,1,1.0
105,31306,6,34770,287,591,439.0
106,65,9,439,1,1,1.0
107,9078,1,23938,1,1,1.0
108,10215,0,5164,12996,30339,21667.5
109,1559,8,14508,1,7,4.0
110,23501,0,1668,478,215,346.5
111,20112,1,27611,1,1,1.0
112,29717,0,30926,19441,13650,16545.5
113,40020,0,17095,25882,38828,32355.0
114,23138,0,1929,4,2,3.0
115,15970,1,3369,1,1,1.0
116,8306,2,25327,10,1,5.5
117,32633,1,5596,1,1,1.0
118,30166,0,5644,12,2,7.0
119,36968,0,18425,25282,31723,28502.5
120,4765,1,4764,1,1,1.0
121,13604,2,251,1,1,1.0
122,37309,0,30216,26,54,40.0
123,38488,0,19873,17820,22854,20337.0
124,21703,2,1136,107,3,55.0
125,35289,1,33808,1,1,1.0
126,7560,1,5488,1,1,1.0
127,3087,1,18847,1,1,1.0
128,29206,1,25712,1,1,1.0
129,4485,0,608,7,6,6.5
130,40764,0,29777,20758,31794,26276.0
131,13128,0,959,4324,10764,7544.0
132,14092,1,7130,1,1,1.0
133,40765,0,18,17864,34138,26001.0
134,37609,0,25129,17076,18201,17638.5
135,3268,1,10028,1,1,1.0
136,40766,0,35564,18213,3286,10749.5
137,15729,1,12999,1,5,3.0
138,35258,4,25396,13,17,15.0
139,38187,1,29741,1,1,1.0
140,40767,0,15247,16518,22252,19385.0
141,1678,7,30089,1,81,41.0
142,27131,1,17012,1,1,1.0
143,15936,0,23068,3,2,2.5
144,7803,1,13968,2,3,2.5
145,40572,0,32910,15248,5330,10289.0
146,14004,0,25065,1,1,1.0
147,32733,0,248,7186,7746,7466.0
148,30194,0,7722,1137,1840,1488.5
149,23606,0,4877,82,9,45.5
150,30622,0,2318,7,1,4.0
151,3443,1,12083,1,1,1.0
152,4423,0,24850,11,20,15.5
153,1038,4,40447,5,22,13.5
154,23751,4,8080,3,19,11.0
155,25625,5,2176,3031,31295,17163.0
156,29637,0,28168,87,62,74.5
157,19621,0,11241,1,1,1.0
158,785,7,11761,40941,38547,39744.0
159,17924,0,7315,5990,5936,5963.0
160,13300,0,11301,1972,3014,2493.0
161,34851,4,31118,5,8,6.5
162,20006,0,608,3603,5729,4666.0
163,40242,0,24346,22377,18305,20341.0
164,26644,1,16054,1,1,1.0
165,8110,0,12168,38,4,21.0
166,22455,6,27199,67,72,69.5
167,7288,1,36878,1,1,1.0
168,40768,0,1784,18893,40180,29536.5
169,27441,0,25270,1548,2131,1839.5
170,12380,1,20717,1,1,1.0
171,176,1,25906,9,2,5.5
172,40769,0,10981,16722,23270,19996.0
173,24894,0,7247,5,3,4.0
174,17047,0,13439,19440,22388,20914.0
175,40770,0,3005,19365,40668,30016.5
176,12740,4,40747,10257,15743,13000.0
177,16545,1,14634,1,1,1.0
178,4313,1,3457,1,1,1.0
179,1482,0,13752,1888,908,1398.0
180,28721,1,22741,1,1,1.0
181,3761,0,8987,18727,25563,22145.0
182,7280,1,26118,1,1,1.0
183,38386,0,1904,1,1,1.0
184,38875,0,2318,18,3,10.5
185,6607,1,11157,1,1,1.0
186,637,6,40404,98,639,368.5
187,5767,4,21704,1,1,1.0
188,3432,4,7926,11,56,33.5
189,3509,0,3407,17,1,9.0
190,35086,0,1929,5,2,3.5
191,24287,1,17938,1,1,1.0
192,9673,1,8487,1,1,1.0
193,3814,1,3548,1,1,1.0
194,23744,0,296,20,4,12.0
195,36798,0,51,101,70,85.5
196,20051,1,20050,1,1,1.0
197,20861,1,5558,1,1,1.0
198,26868,0,6233,2,3,2.5
199,37434,0,917,3514,4294,3904.0
200,20402,0,16155,134,151,142.5
201,30004,0,2482,17,1,9.0
202,39024,0,29467,26284,26104,26194.0
203,36561,5,129,96,1,48.5
204,406,1,1287,1,1,1.0
205,18612,4,33576,2,32,17.0
206,5940,0,532,4,1,2.5
207,40771,0,10613,14886,26780,20833.0
208,29184,1,22723,1,1,1.0
209,6386,0,26454,246,169,207.5
210,3277,1,37105,1,1,1.0
211,31630,0,33081,16655,32566,24610.5
212,9757,0,608,1525,562,1043.5
213,1354,1,1353,1,1,1.0
214,4940,6,40772,40114,23481,31797.5
215,24366,1,7539,1,1,1.0
216,9683,6,40773,29626,18758,24192.0
217,33864,0,13576,161,22,91.5
218,28351,1,685,1,1,1.0
219,8053,1,32295,1,1,1.0
220,8643,0,1819,10,2,6.0
221,27467,0,31416,7324,10518,8921.0
222,464,1,3675,1,1,1.0
223,26224,0,2318,265,50,157.5
224,4006,1,7203,1,1,1.0
225,1307,1,11050,1,1,1.0
226,10097,6,15251,3851,2946,3398.5
227,23083,0,26718,21253,19400,20326.5
228,21673,0,26120,40742,40856,40799.0
229,24650,0,27939,15481,11971,13726.0
230,38457,1,9568,1,1,1.0
231,27178,0,2497,758,3583,2170.5
232,5305,1,1,1,1,1.0
233,12784,4,1630,1,1,1.0
234,25315,1,20655,1,1,1.0
235,931,0,2275,26505,37105,31805.0
236,14758,0,9787,21165,34090,27627.5
237,36898,0,1686,14287,23985,19136.0
238,40774,0,16369,21209,40044,30626.5
239,17226,1,10110,1,1,1.0
240,27870,2,2023,130,4,67.0
241,16554,1,29212,1,1,1.0
242,36825,0,20796,2,1,1.5
243,5335,5,9988,27939,39681,33810.0
244,1864,4,9221,2,3,2.5
245,12378,1,3604,1,1,1.0
246,9895,1,13428,1,1,1.0
247,15667,1,15666,1,1,1.0
248,2507,3,4435,40726,38361,39543.5
249,20071,4,20803,2,8,5.0
250,20849,1,14778,1,1,1.0
251,13053,1,24622,1,1,1.0
252,19366,0,20234,12664,6666,9665.0
253,35882,2,2524,1331,11493,6412.0
254,8199,0,15331,2,1,1.5
255,19502,1,12706,1,1,1.0
256,11732,1,7659,1,1,1.0
257,12815,4,27688,9,114,61.5
258,26871,0,2084,130,103,116.5
259,4955,6,15531,1,2,1.5
260,8178,1,11153,1,1,1.0
261,2181,6,20785,85,388,236.5
262,23792,0,30977,1273,3258,2265.5
263,4102,4,38587,6,149,77.5
264,40775,0,35896,17569,1032,9300.5
265,6696,1,21296,1,1,1.0
266,3303,0,10707,5835,14419,10127.0
267,17408,0,4099,136,46,91.0
268,23226,0,34449,7795,8765,8280.0
269,4136,1,4135,1,1,1.0
270,39465,0,16668,17042,31262,24152.0
271,16257,0,23562,12993,4258,8625.5
272,4227,6,32367,2672,1075,1873.5
273,11490,2,2023,250,3,126.5
274,16679,1,16678,1,1,1.0
275,1122,9,23212,1,1,1.0
276,1678,7,18000,1,48,24.5
277,7532,1,7531,1,1,1.0
278,29273,1,14570,1,1,1.0
279,5949,0,3779,18259,14973,16616.0
280,23795,2,2580,8,1,4.5
281,15250,5,2644,5,1,3.0
282,4951,1,5069,1,1,1.0
283,7948,1,8993,1,1,1.0
284,3755,1,18943,1,1,1.0
285,25065,0,4789,33,3,18.0
286,17857,1,11523,1,1,1.0
287,36099,1,14931,2,3,2.5
288,6924,4,37669,1,84,42.5
289,30696,4,40310,36,181,108.5
290,5259,0,9217,30301,32665,31483.0
291,20159,4,23395,101,881,491.0
292,3882,4,10151,20,32,26.0
293,8811,0,2340,1744,5220,3482.0
294,19066,6,13595,39014,26976,32995.0
295,2887,0,2938,1,1,1.0
296,25015,4,28828,534,507,520.5
297,3850,0,160,3,1,2.0
298,30234,0,2731,10,2,6.0
299,46,0,14274,12983,11348,12165.5
300,14834,1,5110,1,1,1.0
301,29358,0,2687,1,1,1.0
302,33543,0,40596,3662,17066,10364.0
303,172,4,7119,40054,6679,23366.5
304,17939,1,17938,1,1,1.0
305,21326,1,23555,1,1,1.0
306,21406,0,608,2465,1303,1884.0
307,2173,6,38083,1,8,4.5
308,31958,5,914,25,1,13.0
309,33947,4,39713,174,227,200.5
310,18377,3,4166,1,1,1.0
311,34858,0,18783,10539,14312,12425.5
312,3968,1,5813,1,1,1.0
313,36714,0,38851,2499,3253,2876.0
314,30857,0,30511,13839,13544,13691.5
315,1365,1,15439,1,1,1.0
316,39987,0,81,9,1,5.0
317,5785,0,26217,28,22,25.0
318,16634,0,9747,118,179,148.5
319,36078,1,7833,1,1,1.0
320,32975,0,9558,10,4,7.0
321,22353,1,15922,1,1,1.0
322,1604,1,6991,1,1,1.0
323,2547,1,14925,1,1,1.0
324,14212,0,14737,1,1,1.0
325,4130,0,3621,9,3,6.0
326,10319,4,33522,11,190,100.5
327,27683,1,39142,1,1,1.0
328,16503,1,110,1,1,1.0
329,40776,0,5310,14736,16410,15573.0
330,1913,6,25274,373,365,369.0
331,33711,5,19257,1,1,1.0
332,32197,1,22383,1,2,1.5
333,23062,1,12031,1,1,1.0
334,26578,0,239,1253,474,863.5
335,2069,1,15760,1,1,1.0
336,40777,0,608,12701,35960,24330.5
337,33594,2,121,243,3,123.0
338,22182,1,3014,1,1,1.0
339,8080,4,23312,32,103,67.5
340,31096,1,15639,1,1,1.0
341,36945,0,296,76,9,42.5
342,13398,0,71,35,64,49.5
343,20939,0,2215,4,1,2.5
344,7946,1,1765,1,1,1.0
345,1947,0,1249,505,337,421.0
346,22728,1,16506,1,1,1.0
347,3254,0,2886,2518,260,1389.0
348,18890,4,28071,2,96,49.0
349,24803,4,28831,3,11,7.0
350,12939,1,23279,1,1,1.0
351,13702,1,12070,1,1,1.0
352,27600,0,7589,94,2,48.0
353,15497,1,2938,1,1,1.0
354,24117,1,1225,1,1,1.0
355,1110,0,20337,47,15,31.0
356,354,4,36395,1,3,2.0
357,24159,0,12803,37224,38981,38102.5
358,26948,2,3620,286,6,146.0
359,37272,0,7800,671,2060,1365.5
360,23037,4,3762,10,156,83.0
361,33783,2,1326,1521,4058,2789.5
362,26315,0,19366,1,1,1.0
363,18160,0,1200,1159,424,791.5
364,23552,1,10327,1,1,1.0
365,40037,0,19153,22733,15310,19021.5
366,7751,0,3712,3740,9354,6547.0
367,26351,6,25426,16642,14363,15502.5
368,6974,6,17672,9,68,38.5
369,19506,1,15393,1,1,1.0
370,32325,0,17590,1571,4027,2799.0
371,40778,2,26169,18118,35177,26647.5
372,36197,4,29170,7,8,7.5
373,8023,1,21296,1,1,1.0
374,1264,1,22448,1,1,1.0
375,40779,2,1646,16346,40757,28551.5
376,40780,0,379,16417,6886,11651.5
377,14490,1,12757,1,1,1.0
378,34243,0,1244,2,1,1.5
379,40781,0,4921,17665,35959,26812.0
380,9372,1,1508,1,1,1.0
381,2261,4,18565,1,13,7.0
382,40782,2,1646,17340,40772,29056.0
383,5771,4,39949,2,49,25.5
384,28826,1,3712,1,1,1.0
385,13951,1,3521,1,1,1.0
386,18299,1,274,1,1,1.0
387,15954,1,34113,1,1,1.0
388,33081,0,3606,1230,281,755.5
389,17141,0,21055,2,2,2.0
390,13878,1,26428,1,1,1.0
391,35918,0,391,1,1,1.0
392,39002,1,39001,1,1,1.0
393,6286,1,7865,1,1,1.0
394,4532,1,26446,1,1,1.0
395,11891,5,16320,20480,40024,30252.0
396,13955,1,11289,1,1,1.0
397,1592,1,17240,1,1,1.0
398,15523,0,2604,19,6,12.5
399,12623,1,6107,1,1,1.0
400,22297,1,8322,1,1,1.0
401,28595,0,608,21166,38328,29747.0
402,13968,1,7803,3,3,3.0
403,4547,1,21674,1,1,1.0
404,7982,1,20572,1,1,1.0
405,31376,2,743,3,1,2.0
406,39780,0,2807,28,7,17.5
407,28371,2,121,272,3,137.5
408,15011,0,1542,167,24,95.5
409,10421,1,10420,1,1,1.0
410,26009,0,265,27,7,17.0
411,11480,2,1534,39,6,22.5
412,40783,0,4407,15750,29731,22740.5
413,8464,1,8424,1,1,1.0
414,23763,1,3300,1,1,1.0
415,24479,1,23586,1,1,1.0
416,28656,0,21,2,1,1.5
417,6493,0,3567,42,8,25.0
418,21912,0,22347,5,4,4.5
419,24178,1,9908,1,1,1.0
420,22121,0,351,1,1,1.0
421,25316,1,746,1,1,1.0
422,3063,1,4791,1,1,1.0
423,36889,0,883,12,3,7.5
424,25017,9,18392,1,1,1.0
425,40784,0,14144,16417,39450,27933.5
426,3408,6,8243,5,2,3.5
427,10233,4,38705,1,1,1.0
428,36048,6,18704,5742,1524,3633.0
429,1962,1,1961,1,1,1.0
430,11585,3,21329,1,1,1.0
431,32391,1,11972,1,1,1.0
432,31739,4,18679,23,69,46.0
433,40785,0,608,14495,37547,26021.0
434,26785,1,7703,1,1,1.0
435,20520,1,6788,1,1,1.0
436,14834,1,8390,1,1,1.0
437,11565,1,12441,1,1,1.0
438,19922,0,8858,7,4,5.5
439,15795,6,39521,19931,22755,21343.0
440,18943,1,30961,1,1,1.0
441,840,8,19493,3,1,2.0
442,26662,0,7523,33601,35586,34593.5
443,26756,0,9311,2218,2139,2178.5
444,12636,1,24788,1,1,1.0
445,20784,1,387,10992,6439,8715.5
446,25514,2,121,355,10,182.5
447,12153,3,19756,1,2,1.5
448,13239,0,284,7,1,4.0
449,26984,1,38840,1,1,1.0
450,9435,1,13227,1,1,1.0
451,23798,1,23297,36,27,31.5
452,4425,0,9880,6,4,5.0
453,17011,3,17169,4,1,2.5
454,20341,2,121,122,4,63.0
455,7442,1,23836,1,1,1.0
456,17432,1,30826,1,1,1.0
457,11988,4,31236,4076,1729,2902.5
458,10121,0,248,2718,3623,3170.5
459,1444,0,9048,1630,1883,1756.5
460,785,8,6770,40908,7499,24203.5
461,6375,1,8324,1,1,1.0
462,37317,0,6230,816,574,695.0
463,4385,0,4940,13,5,9.0
464,10713,4,2207,8,48,28.0
465,40786,0,1672,14621,34987,24804.0
466,28472,5,10737,8409,27168,17788.5
467,21537,0,1027,1,1,1.0
468,1118,5,172,935,5480,3207.5
469,39579,4,25695,122,493,307.5
470,12699,0,2137,11333,18762,15047.5
471,27906,0,19986,26161,37530,31845.5
472,30297,1,3771,1,1,1.0
473,39950,0,2362,2,1,1.5
474,16469,0,178,2,1,1.5
475,31063,0,2110,17,3,10.0
476,7272,1,33016,1,1,1.0
477,39272,0,12035,1,1,1.0
478,11022,6,27914,3,29,16.0
479,40787,0,5243,15324,1975,8649.5
480,18271,0,3443,1,1,1.0
481,40788,2,593,17258,40885,29071.5
482,40548,0,16045,794,74,434.0
483,20767,0,239,68,5,36.5
484,758,1,10360,1,1,1.0
485,34053,2,121,297,3,150.0
486,3223,0,3161,21,2,11.5
487,5881,1,18355,1,1,1.0
488,38969,0,16196,13,5,9.0
489,29347,0,1461,7155,5877,6516.0
490,1650,1,16394,40279,30571,35425.0
491,9952,1,37466,1,1,1.0
492,2245,0,2918,473,64,268.5
493,32727,1,24872,1,1,1.0
494,39701,0,5987,29650,34085,31867.5
495,15176,1,18854,1,1,1.0
496,24327,0,3027,237,11,124.0
497,23190,1,13002,1,1,1.0
498,5729,1,20226,1,1,1.0
499,8274,1,8999,1,1,1.0
500,8511,1,31347,1,1,1.0
501,21811,0,278,6,1,3.5
502,511,0,15897,1231,1243,1237.0
503,15736,0,1677,5943,15722,10832.5
504,29445,1,1550,1,1,1.0
505,18936,4,39578,3,25,14.0
506,34932,2,14540,4,1,2.5
507,647,1,6311,1,1,1.0
508,33210,6,17250,679,1373,1026.0
509,9637,5,1981,1,1,1.0
510,11643,3,3908,23470,2301,12885.5
511,30998,1,7774,1,1,1.0
512,16669,2,916,11,1,6.0
513,7495,0,883,19,11,15.0
514,21737,0,2589,4430,11225,7827.5
515,3167,1,6502,1,1,1.0
516,32383,0,427,2,1,1.5
517,25046,2,121,35,2,18.5
518,16023,0,4958,1,1,1.0
519,5777,4,4318,1,1,1.0
520,19086,6,12484,1,1,1.0
521,12201,4,22304,14,205,109.5
522,10786,1,14577,1,1,1.0
523,20175,0,7143,5,5,5.0
524,1205,1,23424,1,1,1.0
525,34239,0,239,1580,1156,1368.0
526,35226,0,37189,50,35,42.5
527,19169,1,25362,1,1,1.0
528,14940,1,12227,1,1,1.0
529,2813,0,3170,16,6,11.0
530,35238,1,8601,1,1,1.0
531,36661,1,39486,1,1,1.0
532,15364,0,4369,6158,11017,8587.5
533,17745,5,774,2507,37489,19998.0
534,23613,4,28865,1,3,2.0
535,6782,5,5167,31550,40916,36233.0
536,40789,0,25921,16355,16265,16310.0
537,20079,0,4369,28827,38817,33822.0
538,18492,6,36549,1,1,1.0
539,864,1,14562,1,1,1.0
540,4521,1,25708,1,1,1.0
541,10559,1,10558,1,1,1.0
542,3083,0,26431,31499,33076,32287.5
543,5974,0,9758,35911,28037,31974.0
544,19,0,29519,6,9,7.5
545,38094,4,40790,24427,17623,21025.0
546,36200,0,5055,9433,7718,8575.5
547,204,1,3048,1,1,1.0
548,40791,0,11084,14448,23387,18917.5
549,33754,1,5275,1,1,1.0
550,32,4,24489,1,119,60.0
551,12319,4,14836,1,11,6.0
552,27811,2,10916,14,2,8.0
553,15792,0,3763,11,5,8.0
554,8019,1,30805,1,1,1.0
555,35060,0,5892,4,2,3.0
556,1678,7,35669,1,48,24.5
557,11125,4,10606,21,15,18.0
558,25276,1,3926,1,1,1.0
559,13830,1,7308,1,1,1.0
560,1366,0,29,7,3,5.0
561,19987,4,11397,54,238,146.0
562,38369,0,51,286,292,289.0
563,4506,1,9454,1,1,1.0
564,6037,0,39187,27223,15408,21315.5
565,2381,2,12273,1,1,1.0
566,6513,0,650,3225,7823,5524.0
567,21168,1,10097,1,1,1.0
568,40792,0,9525,17054,38510,27782.0
569,30839,1,10851,1,1,1.0
570,21181,5,232,14,5,9.5
571,2173,6,18659,14,103,58.5
572,38752,0,728,2269,10305,6287.0
573,8716,6,31315,20,11,15.5
574,24013,1,23715,1,1,1.0
575,36734,5,985,17,1,9.0
576,12641,0,39,36,4,20.0
577,1398,0,19101,14772,20384,17578.0
578,13758,1,29291,1,1,1.0
579,4555,0,1115,1404,1595,1499.5
580,39750,6,18050,5175,3800,4487.5
581,11789,1,24319,5,1,3.0
582,7072,1,9237,1,1,1.0
583,25660,5,4520,33,5,19.0
584,38151,0,7155,116,20,68.0
585,5768,0,1444,33235,40108,36671.5
586,39121,5,172,289,8,148.5
587,4453,6,7580,14632,5328,9980.0
588,29,1,11186,1,1,1.0
589,40793,0,608,13509,36869,25189.0
590,35764,0,14617,153,24,88.5
591,4608,0,3699,6,1,3.5
592,8852,0,7403,35578,40354,37966.0
593,193,6,11869,1,1,1.0
594,19842,4,22836,18,73,45.5
595,21930,1,21045,1,1,1.0
596,5745,1,14074,1,1,1.0
597,9428,1,8999,1,1,1.0
598,26613,1,9037,1,1,1.0
599,7396,0,39,7,2,4.5
600,24578,3,23111,2,2,2.0
601,21061,1,25626,1,1,1.0
602,24011,0,12474,4181,740,2460.5
603,13829,1,16710,1,1,1.0
604,12211,0,6042,29021,39945,34483.0
605,13978,1,2276,1,1,1.0
606,29422,2,1136,118,4,61.0
607,39294,4,26572,29,4,16.5
608,33294,0,3229,16,2,9.0
609,6633,7,12050,1,793,397.0
610,16200,0,1852,1294,902,1098.0
611,19710,6,10760,6,1,3.5
612,32734,1,3419,1,1,1.0
613,4779,1,14955,1,1,1.0
614,3716,1,1998,1,1,1.0
615,2915,1,12159,1,1,1.0
616,522,1,21041,1,1,1.0
617,31153,0,36722,34507,32045,33276.0
618,7592,1,9560,1,1,1.0
619,5144,4,4318,1,1,1.0
620,2035,1,8589,1,1,1.0
621,4666,1,4665,1,1,1.0
622,6144,1,19664,1,1,1.0
623,28456,2,1773,12,1,6.5
624,18213,1,18982,1,1,1.0
625,18716,0,37537,49,67,58.0
626,6882,9,10563,1,1,1.0
627,332,0,1287,8,4,6.0
628,40794,0,32275,17954,1846,9900.0
629,19296,1,6611,1,1,1.0
630,16065,0,36140,1,2,1.5
631,32071,1,23898,1,1,1.0
632,37285,0,184,3,1,2.0
633,1190,6,31657,1,1,1.0
634,17492,1,20700,1,1,1.0
635,16074,0,18268,1,1,1.0
636,14746,1,23603,20,10,15.0
637,7078,6,36019,18736,6374,12555.0
638,4225,1,11780,1,1,1.0
639,754,1,2375,1,1,1.0
640,1823,7,36030,7,29,18.0
641,6054,0,4123,3076,7639,5357.5
642,40735,5,774,19251,40940,30095.5
643,3215,0,7911,1,5,3.0
644,16802,1,8850,1,1,1.0
645,1076,1,1075,1,1,1.0
646,18470,1,18469,1,1,1.0
647,7673,1,8629,1,1,1.0
648,8644,1,14101,1,1,1.0
649,493,0,1629,410,1518,964.0
650,2736,4,33515,1,6,3.5
651,40795,0,10090,15871,30016,22943.5
652,35179,0,19119,2182,3987,3084.5
653,28508,2,3843,2,2,2.0
654,25746,0,11870,14157,21483,17820.0
655,26637,6,24424,9,14,11.5
656,15305,5,2978,9,1,5.0
657,14631,0,3275,371,787,579.0
658,39736,1,21554,1,1,1.0
659,8260,0,7895,8,1,4.5
660,36792,1,37816,1,1,1.0
661,40796,2,3317,18949,40923,29936.0
662,11856,1,2643,1,1,1.0
663,8104,1,4274,1,1,1.0
664,2736,4,34726,1,10,5.5
665,9749,1,13574,1,1,1.0
666,40797,0,19420,24486,31368,27927.0
667,15231,0,532,4,1,2.5
668,24056,0,9777,32063,32339,32201.0
669,32748,2,743,865,11,438.0
670,12866,6,7036,9,3,6.0
671,19409,4,36350,6,43,24.5
672,840,6,30428,16428,1650,9039.0
673,28857,0,706,4,6,5.0
674,8487,1,7998,1,1,1.0
675,19163,0,18538,14,4,9.0
676,28721,0,15897,1,1,1.0
677,6989,0,2604,2084,5693,3888.5
678,16614,1,8351,1,1,1.0
679,29143,0,278,8,1,4.5
680,24052,1,24051,1,1,1.0
681,29706,4,499,26540,40847,33693.5
682,34810,9,22728,1,1,1.0
683,40798,0,38876,17779,23389,20584.0
684,26283,6,40443,23447,13325,18386.0
685,32794,0,18895,23,4,13.5
686,17745,2,1137,682,25467,13074.5
687,26122,4,31544,6,55,30.5
688,14588,2,121,121,2,61.5
689,17880,1,20417,1,1,1.0
690,20434,0,21190,1906,1353,1629.5
691,13327,6,22210,408,96,252.0
692,40799,0,5636,21351,37668,29509.5
693,14768,6,24252,4,1,2.5
694,4185,1,13829,1,1,1.0
695,33324,0,284,3,1,2.0
696,39131,0,284,4,2,3.0
697,33742,0,9048,3072,5185,4128.5
698,9578,0,473,16567,37636,27101.5
699,20196,1,21248,1,1,1.0
700,6765,1,27335,1,1,1.0
701,12725,1,21889,1,1,1.0
702,19754,0,4059,61,9,35.0
703,9461,4,12081,1,1,1.0
704,8574,0,5381,20,6,13.0
705,3408,8,38801,40942,33665,37303.5
706,36608,0,123,21751,37080,29415.5
707,516,0,292,13,4,8.5
708,13283,1,2720,1,1,1.0
709,16201,1,16200,1,1,1.0
710,21810,4,25015,31,115,73.0
711,34387,1,26855,1,1,1.0
712,37173,4,10091,6562,15085,10823.5
713,19951,0,20010,9202,14476,11839.0
714,40800,0,28344,13547,188,6867.5
715,24652,0,26678,42,12,27.0
716,26647,1,3407,1,1,1.0
717,27632,0,31556,9,2,5.5
718,8336,6,2824,78,330,204.0
719,14255,1,19144,1,1,1.0
720,20014,0,14262,3296,2743,3019.5
721,31050,2,121,661,259,460.0
722,40801,0,16573,13330,25269,19299.5
723,2360,1,4933,1,1,1.0
724,40802,0,39415,15385,11973,13679.0
725,19986,1,16852,1,1,1.0
726,30541,0,22903,1725,2073,1899.0
727,20618,1,9942,1,1,1.0
728,38150,0,712,23,1,12.0
729,7684,1,586,1,1,1.0
730,25109,0,7757,8090,5585,6837.5
731,12013,0,296,8,1,4.5
732,40803,0,5646,16748,36295,26521.5
733,35081,1,28378,1,1,1.0
734,29649,0,11732,1852,2334,2093.0
735,39026,0,29817,25198,20961,23079.5
736,13903,6,32368,276,301,288.5
737,30745,1,37402,1,1,1.0
738,3499,1,20417,1,1,1.0
739,10159,1,38458,1,1,1.0
740,27696,1,6690,1,1,1.0
741,16732,0,10532,1028,1637,1332.5
742,6916,0,19429,25438,24641,25039.5
743,10276,1,9887,1,1,1.0
744,4800,1,9900,1,1,1.0
745,17182,1,2190,1,1,1.0
746,4461,0,19310,21272,26663,23967.5
747,40804,0,1311,19330,40883,30106.5
748,20809,4,32820,32507,6494,19500.5
749,1046,7,18788,40872,11399,26135.5
750,37226,0,11964,7495,20282,13888.5
751,10737,6,27038,208,176,192.0
752,11632,9,24469,1,1,1.0
753,40699,0,12729,19889,39594,29741.5
754,586,3,772,8,27,17.5
755,40710,0,31312,15092,1206,8149.0
756,13887,0,3443,6187,8615,7401.0
757,11686,1,5336,1,1,1.0
758,28941,0,3716,15041,27259,21150.0
759,30852,1,3198,1,1,1.0
760,785,8,36761,40900,5664,23282.0
761,29243,0,26808,39409,39903,39656.0
762,21592,1,22297,1,1,1.0
763,21449,0,12858,5,3,4.0
764,3233,1,4145,1,1,1.0
765,19055,0,772,10270,28797,19533.5
766,8310,6,12531,1,1,1.0
767,7557,1,7633,1,1,1.0
768,17844,0,7120,5769,1705,3737.0
769,1269,1,11040,1,1,1.0
770,26676,0,8201,11480,26068,18774.0
771,28241,1,7436,1,1,1.0
772,18458,9,31641,1,1,1.0
773,25873,0,2795,36509,35597,36053.0
774,38719,2,1326,35588,40937,38262.5
775,17430,1,14006,1,1,1.0
776,13991,0,6823,10,2,6.0
777,19570,1,23428,1,1,1.0
778,8288,4,37118,5,15,10.0
779,40805,0,33924,14503,1416,7959.5
780,29285,2,121,348,3,175.5
781,25230,0,6253,29936,29300,29618.0
782,12266,4,18612,1,2,1.5
783,15292,3,10198,2,1,1.5
784,38906,0,1929,4,1,2.5
785,39489,0,11666,17838,36843,27340.5
786,15516,1,12820,1,1,1.0
787,12227,1,13800,1,1,1.0
788,4175,4,8602,1,3,2.0
789,24042,1,5537,1,1,1.0
790,19211,0,4744,11622,26995,19308.5
791,31371,0,7474,6881,15835,11358.0
792,28947,4,15200,8,4,6.0
793,18660,6,21000,40943,40942,40942.5
794,15472,0,25385,13277,14551,13914.0
795,12507,0,13404,8577,5056,6816.5
796,26342,1,17895,1,1,1.0
797,2152,1,8496,1,1,1.0
798,39760,0,574,1,1,1.0
799,1678,7,36781,1,48,24.5
800,35412,5,11510,13,1,7.0
801,2085,6,10383,1,1,1.0
802,14202,1,14201,1,1,1.0
803,1043,1,14631,1,1,1.0
804,40806,0,6850,15241,36798,26019.5
805,40503,0,9914,21051,35677,28364.0
806,32387,0,8811,10425,12819,11622.0
807,14770,1,14307,1,1,1.0
808,32716,1,17183,1,1,1.0
809,35390,1,3256,1,1,1.0
810,4482,4,9719,24,87,55.5
811,20428,0,3527,24377,36248,30312.5
812,24660,4,23613,2,18,10.0
813,30409,2,35441,1099,964,1031.5
814,11083,1,5302,1,1,1.0
815,23196,1,10129,1,1,1.0
816,1066,1,29752,1,1,1.0
817,40807,0,3538,20319,39435,29877.0
818,6768,6,24640,60,80,70.0
819,2869,1,15125,1,1,1.0
820,20852,1,6690,1,1,1.0
821,9588,0,1406,16589,30611,23600.0
822,18159,0,17493,22,38,30.0
823,21497,1,33875,1,1,1.0
824,20938,1,22485,1,1,1.0
825,13056,6,39139,192,564,378.0
826,23942,0,26928,9,1,5.0
827,28004,0,6478,4526,1281,2903.5
828,4747,0,22951,1,1,1.0
829,20860,5,2566,1960,22797,12378.5
830,19429,0,239,925,241,583.0
831,20768,0,17402,122,59,90.5
832,8572,0,5856,1599,636,1117.5
833,10160,0,15134,18,7,12.5
834,17380,1,15779,1,1,1.0
835,27964,0,16186,12,7,9.5
836,1328,0,608,28365,38799,33582.0
837,26071,1,9303,1,1,1.0
838,38768,0,29318,57,12,34.5
839,36229,0,18254,7662,9950,8806.0
840,2736,4,35146,2,22,12.0
841,1019,4,596,1,3,2.0
842,23239,1,15927,1,1,1.0
843,21996,6,11995,5369,12785,9077.0
844,25766,0,22616,4659,4086,4372.5
845,9455,0,23399,5083,2839,3961.0
846,23000,6,39446,15,68,41.5
847,122,1,7516,1,1,1.0
848,11412,1,19152,1,1,1.0
849,8803,1,27429,1,1,1.0
850,15261,0,14295,9567,11382,10474.5
851,25268,4,21905,1,2,1.5
852,15504,1,8591,1,1,1.0
853,15601,10,15600,1,1,1.0
854,34363,5,8522,13428,26175,19801.5
855,33641,0,19894,20248,26158,23203.0
856,33826,1,19127,1,1,1.0
857,39523,0,2723,882,661,771.5
858,28671,0,7444,156,270,213.0
859,40808,0,40809,6893,11242,9067.5
860,26933,0,1475,31775,40259,36017.0
861,33440,2,121,138,2,70.0
862,2245,1,2244,1,1,1.0
863,35848,0,18654,227,148,187.5
864,29185,6,40731,36980,18360,27670.0
865,3467,1,3466,1,1,1.0
866,36622,2,2580,3,1,2.0
867,15345,5,4450,13659,34379,24019.0
868,7117,1,8643,1,1,1.0
869,13829,3,25284,1,1,1.0
870,32624,6,26608,181,449,315.0
871,2269,1,2268,1,1,1.0
872,30613,0,6961,1,1,1.0
873,2956,4,29945,430,534,482.0
874,40706,0,10059,18074,14322,16198.0
875,3866,4,24189,16,37,26.5
876,9119,0,21826,25361,30182,27771.5
877,18389,3,999,10,9,9.5
878,35808,1,32154,25019,17614,21316.5
879,37756,4,40810,3601,17004,10302.5
880,20583,1,27612,1,1,1.0
881,1020,0,3141,1,1,1.0
882,6564,0,11337,1765,3050,2407.5
883,23511,0,15656,2,1,1.5
884,5394,1,2601,1,1,1.0
885,2004,1,24164,1,1,1.0
886,25774,1,12289,1,1,1.0
887,24676,0,24224,23,21,22.0
888,23848,1,8714,1,1,1.0
889,17814,4,3175,790,888,839.0
890,34670,0,239,9149,25116,17132.5
891,17465,1,17464,1,1,1.0
892,22570,1,22569,1,1,1.0
893,4722,0,2807,9967,10053,10010.0
894,23700,1,24343,1,1,1.0
895,387,1,20784,5731,9349,7540.0
896,9573,6,3123,11297,38827,25062.0
897,6067,1,28605,1,1,1.0
898,8474,4,17327,35892,29456,32674.0
899,30941,1,3753,1,1,1.0
900,11546,0,4442,992,398,695.0
901,6865,4,2298,1,2,1.5
902,19380,0,26217,21,6,13.5
903,15639,1,207,1,1,1.0
904,2872,0,17555,350,266,308.0
905,40811,0,2664,12217,26327,19272.0
906,35435,0,12605,10,4,7.0
907,29862,1,29861,1,1,1.0
908,31789,0,494,9384,19877,14630.5
909,22923,0,28916,1,1,1.0
910,27985,1,27484,1,1,1.0
911,29410,0,16944,25219,20682,22950.5
912,11888,0,36918,233,590,411.5
913,37558,2,741,2,1,1.5
914,10443,2,121,2,1,1.5
915,22157,3,1791,1,1,1.0
916,8471,1,6302,1,1,1.0
917,32069,0,19823,3440,3619,3529.5
918,38790,0,13,35601,40665,38133.0
919,19437,1,22294,1,1,1.0
920,25022,1,32013,1,1,1.0
921,39553,0,4628,160,31,95.5
922,11144,1,2617,1,1,1.0
923,38399,1,1022,1,1,1.0
924,10536,1,36694,1,1,1.0
925,40178,1,1578,21879,35582,28730.5
926,22410,1,37961,1,1,1.0
927,15647,4,32971,10,9,9.5
928,11251,1,13752,1,1,1.0
929,1708,0,8438,5473,2311,3892.0
930,6124,1,5907,1,1,1.0
931,5826,1,10722,1,1,1.0
932,14233,0,2918,5151,7260,6205.5
933,21697,0,2070,5535,8229,6882.0
934,6530,1,22543,1,1,1.0
935,1650,1,16302,1,1,1.0
936,21935,1,23297,1,1,1.0
937,28875,3,5192,1,1,1.0
938,5178,1,14819,1,1,1.0
939,27341,1,31627,1,1,1.0
940,912,0,7047,10974,25085,18029.5
941,40812,0,17281,17654,2818,10236.0
942,9906,1,36905,1,1,1.0
943,6743,0,8355,518,215,366.5
944,35277,1,27784,1,1,1.0
945,5869,1,26782,1,1,1.0
946,40813,0,19386,15698,693,8195.5
947,38378,1,22534,1,1,1.0
948,31576,0,30844,37357,36570,36963.5
949,6768,6,10205,119,345,232.0
950,11177,1,37094,1,1,1.0
951,7045,1,2382,1,1,1.0
952,21977,5,16419,2393,2325,2359.0
953,3364,1,3363,1,1,1.0
954,29042,2,121,501,7,254.0
955,3528,0,10834,6001,8242,7121.5
956,31426,1,2604,1,1,1.0
957,17960,4,24312,1,5,3.0
958,27223,1,20426,1,1,1.0
959,24636,1,6535,1,1,1.0
960,19679,0,5394,105,46,75.5
961,23949,5,212,10,1,5.5
962,27657,5,828,2,1,1.5
963,1410,1,24564,26,35,30.5
964,40814,0,608,12751,35586,24168.5
965,3066,0,8076,749,1117,933.0
966,18215,1,1414,1,1,1.0
967,6633,7,40129,40068,8026,24047.0
968,10895,1,13973,1,1,1.0
969,3239,4,27881,1,16,8.5
970,34721,0,178,2,1,1.5
971,18904,3,17353,1,1,1.0
972,29029,2,121,213,2,107.5
973,7935,1,2201,1,1,1.0
974,17190,1,757,1,1,1.0
975,1415,1,32170,1,1,1.0
976,23786,1,2902,1,1,1.0
977,2029,1,18094,1,1,1.0
978,553,1,13871,1,1,1.0
979,24179,1,10508,1,1,1.0
980,27360,6,36837,1,2,1.5
981,31841,0,19545,5650,7921,6785.5
982,33840,0,1754,18326,39403,28864.5
983,40815,0,39071,12096,106,6101.0
984,23980,0,3787,5138,4166,4652.0
985,21289,0,18268,2,1,1.5
986,13300,6,14769,10646,8518,9582.0
987,29342,0,8978,38906,40612,39759.0
988,6890,0,36281,7469,3754,5611.5
989,8040,1,21358,1,2,1.5
990,10520,0,24854,22024,17312,19668.0
991,28943,1,243,1,1,1.0
992,20030,0,13734,1717,1832,1774.5
993,4563,0,12505,2,2,2.0
994,37725,0,23377,1,1,1.0
995,26865,1,19204,1,1,1.0
996,1583,0,129,3163,27845,15504.0
997,20288,6,29915,4,6,5.0
998,18855,0,2060,4,2,3.0
999,11475,1,13563,121,136,128.5
1000,14231,0,7944,8529,13208,10868.5
1001,36007,6,17148,8504,15121,11812.5
1002,13350,0,29456,3,3,3.0
1003,10124,0,25426,17938,12596,15267.0
1004,36696,5,9528,1,1,1.0
1005,32488,1,204,1,1,1.0
1006,30889,0,33367,2329,2681,2505.0
1007,26734,0,2288,2,4,3.0
1008,16979,4,35069,2,3,2.5
1009,23628,0,2614,20942,20205,20573.5
1010,39567,0,4694,17,3,10.0
1011,17347,4,20159,1,4,2.5
1012,6695,0,32813,2012,4958,3485.0
1013,20226,0,13887,5,6,5.5
1014,31495,2,1326,125,2,63.5
1015,15469,0,6418,58,18,38.0
1016,34418,1,25064,1,1,1.0
1017,8727,1,8726,1,1,1.0
1018,14189,1,23592,1,1,1.0
1019,10877,1,11728,1,1,1.0
1020,32814,0,4976,12,3,7.5
1021,4165,3,25845,1,2,1.5
1022,20625,1,7778,1,1,1.0
1023,30076,0,10715,164,90,127.0
1024,40816,0,14697,22271,40367,31319.0
1025,19191,1,27971,1,1,1.0
1026,13842,0,11910,6015,6511,6263.0
1027,5985,6,10735,20,13,16.5
1028,12732,3,28417,1,1,1.0
1029,6204,1,6203,1,1,1.0
1030,40817,0,19840,19570,23473,21521.5
1031,6550,1,2423,1,1,1.0
1032,2924,4,2659,1,1,1.0
1033,1379,1,25548,1,1,1.0
1034,18135,3,294,37669,5674,21671.5
1035,1003,1,5646,1,1,1.0
1036,6944,0,1701,1920,2754,2337.0
1037,9037,0,3099,19,12,15.5
1038,2209,1,24141,1,1,1.0
1039,15500,1,7996,1,1,1.0
1040,28744,1,6690,1,1,1.0
1041,40174,1,1650,11091,33243,22167.0
1042,19256,5,9528,1,1,1.0
1043,31596,6,8773,9715,12856,11285.5
1044,40818,0,35587,12781,2461,7621.0
1045,34338,1,9890,1,1,1.0
1046,8591,1,16989,1,1,1.0
1047,40819,0,15962,15024,1067,8045.5
1048,16130,0,10326,26632,37500,32066.0
1049,40820,0,20319,13826,1490,7658.0
1050,11212,0,1856,17400,33048,25224.0
1051,28303,3,9776,1,1,1.0
1052,561,0,5278,15870,25030,20450.0
1053,13724,4,995,2,6,4.0
1054,154,1,153,1,1,1.0
1055,4541,0,2723,16637,30733,23685.0
1056,5791,1,11553,1,1,1.0
1057,24115,1,18755,1,1,1.0
1058,28674,0,3041,16391,37569,26980.0
1059,40821,0,14864,17760,32740,25250.0
1060,17883,0,18836,16741,23950,20345.5
1061,40822,0,9367,15486,37019,26252.5
1062,2151,0,4180,36902,33452,35177.0
1063,40823,0,11638,17057,36958,27007.5
1064,18175,1,18573,1,1,1.0
1065,24724,1,3969,1,1,1.0
1066,3675,1,12232,1,1,1.0
1067,40303,0,2589,6466,24533,15499.5
1068,34877,1,6582,1,1,1.0
1069,25228,0,917,25039,23455,24247.0
1070,26100,1,28248,1,1,1.0
1071,33245,0,3980,5,3,4.0
1072,9258,2,916,175,1,88.0
1073,4106,1,4105,1,1,1.0
1074,584,1,28894,7,33,20.0
1075,35143,1,33405,1,1,1.0
1076,17003,0,479,640,241,440.5
1077,3621,0,9758,149,37,93.0
1078,9877,5,6166,2,1,1.5
1079,637,6,39715,98,673,385.5
1080,30263,1,25760,1,1,1.0
1081,5813,1,31835,1,1,1.0
1082,1999,4,17069,1,6,3.5
1083,18272,1,19427,1,1,1.0
1084,29081,1,13187,1,1,1.0
1085,6074,1,6073,1,1,1.0
1086,16522,0,3780,480,157,318.5
1087,26742,0,15839,55,8,31.5
1088,9776,1,9775,1,1,1.0
1089,16614,1,25570,1,1,1.0
1090,1918,6,39340,9,152,80.5
1091,11624,1,20815,1,1,1.0
1092,13939,0,7027,56,7,31.5
1093,40824,0,2657,15484,34736,25110.0
1094,1294,0,25140,12718,6381,9549.5
1095,21281,0,428,21090,38820,29955.0
1096,39800,1,30816,1,1,1.0
1097,12660,0,1095,2,1,1.5
1098,11922,0,14898,3725,5396,4560.5
1099,23590,0,12772,3890,4220,4055.0
1100,3072,1,15159,1,1,1.0
1101,24523,0,8582,3,3,3.0
1102,188,6,29407,1,1,1.0
1103,17370,0,5856,3874,2771,3322.5
1104,39603,4,27065,70,260,165.0
1105,4691,1,14239,1,1,1.0
1106,40577,0,3716,22405,38021,30213.0
1107,36501,0,4902,248,167,207.5
1108,40022,0,6784,1,1,1.0
1109,3634,1,4369,1,1,1.0
1110,4121,1,17988,1,1,1.0
1111,34845,5,10076,13,5,9.0
1112,19999,4,35620,1,2,1.5
1113,25642,0,31168,960,1622,1291.0
1114,28192,2,3865,44,1,22.5
1115,25039,0,2409,2,3,2.5
1116,36104,0,81,1,1,1.0
1117,40825,0,22386,17129,12320,14724.5
1118,15804,0,10824,7,2,4.5
1119,40826,0,30737,14981,2045,8513.0
1120,11678,4,24132,97,177,137.0
1121,11178,1,14178,1,1,1.0
1122,19319,1,11039,1,1,1.0
1123,23526,0,9730,7751,8930,8340.5
1124,10135,5,2978,1490,15103,8296.5
1125,12960,0,23054,28745,27953,28349.0
1126,7486,0,7078,115,45,80.0
1127,3229,1,22044,1,1,1.0
1128,39736,0,4427,9,3,6.0
1129,18237,1,14439,1,1,1.0
1130,17375,6,39568,1,1,1.0
1131,6955,0,2697,2,1,1.5
1132,27268,1,11354,1,1,1.0
1133,1968,1,1967,1,1,1.0
1134,23271,0,7641,9,19,14.0
1135,19684,3,19683,1,4,2.5
1136,32,4,32392,30,164,97.0
1137,4983,6,33006,5,3,4.0
1138,17534,9,12584,1,1,1.0
1139,29442,1,5305,1,1,1.0
1140,6871,1,18043,1086,758,922.0
1141,5628,7,18994,40938,30851,35894.5
1142,40827,0,3699,14225,38439,26332.0
1143,32164,0,184,14,2,8.0
1144,40828,0,379,14719,6485,10602.0
1145,2502,1,20104,1,1,1.0
1146,26644,1,4985,1,1,1.0
1147,34914,1,6434,1,1,1.0
1148,11281,0,184,4,1,2.5
1149,39981,0,306,38346,40615,39480.5
1150,37154,5,9269,856,871,863.5
1151,9073,1,5502,1,1,1.0
1152,30127,0,1623,26551,33932,30241.5
1153,16980,1,4548,1,1,1.0
1154,637,6,31616,30,200,115.0
1155,469,0,14498,13231,17242,15236.5
1156,9243,6,35214,1,21,11.0
1157,36148,4,23121,1392,853,1122.5
1158,3358,1,4743,1,1,1.0
1159,15287,2,121,2020,39097,20558.5
1160,2064,1,2154,1,1,1.0
1161,22278,1,35919,1,1,1.0
1162,36060,0,14935,33270,39173,36221.5
1163,40829,0,16065,16881,24785,20833.0
1164,27146,5,11426,6,1,3.5
1165,3169,0,3813,14,4,9.0
1166,20664,4,26988,50,146,98.0
1167,6374,1,11133,1,1,1.0
1168,33074,2,7,77,3,40.0
1169,17395,0,7902,1705,2200,1952.5
1170,22908,1,5606,1,1,1.0
1171,40830,0,608,14140,37677,25908.5
1172,10254,1,10253,1,1,1.0
1173,14113,1,5076,1,1,1.0
1174,36403,1,10838,1,1,1.0
1175,14974,0,14973,9,6,7.5
1176,40831,0,4593,17683,23627,20655.0
1177,26120,0,6426,23,8,15.5
1178,31084,1,27014,1,1,1.0
1179,12467,4,39860,1,1,1.0
1180,40832,0,6630,16682,32340,24511.0
1181,26778,4,2803,297,415,356.0
1182,11261,1,5813,1,1,1.0
1183,5886,0,51,116,19,67.5
1184,1038,4,7455,5,17,11.0
1185,30477,1,23239,1,1,1.0
1186,3765,1,28497,1,1,1.0
1187,40833,0,4628,14248,9256,11752.0
1188,20691,1,4936,1,1,1.0
1189,7886,0,12463,72,12,42.0
1190,14999,4,31316,490,360,425.0
1191,22172,0,11068,168,3,85.5
1192,454,3,16514,1,1,1.0
1193,29578,0,15788,27276,34999,31137.5
1194,193,6,27058,1,3,2.0
1195,23802,0,21987,31717,35214,33465.5
1196,22680,2,121,49,2,25.5
1197,11759,2,10987,1,1,1.0
1198,38241,0,2110,78,4,41.0
1199,38689,0,12894,20487,35930,28208.5
1200,40834,0,14087,14990,14136,14563.0
1201,14853,6,3123,8,1,4.5
1202,4044,4,31152,9,6,7.5
1203,29372,0,24630,36,17,26.5
1204,9536,0,265,14,3,8.5
1205,19479,5,4701,4,1,2.5
1206,33163,5,4554,2,1,1.5
1207,29553,1,26733,1,1,1.0
1208,24094,0,123,30633,38828,34730.5
1209,6792,1,14058,1,1,1.0
1210,21282,0,15062,31803,38993,35398.0
1211,23036,4,36472,34,168,101.0
1212,40835,0,40836,7159,12765,9962.0
1213,18778,6,32930,8137,5092,6614.5
1214,24621,2,17930,1,1,1.0
1215,26041,0,4289,4,15,9.5
1216,1190,6,39319,6,49,27.5
1217,36776,0,2604,2567,12911,7739.0
1218,16899,4,24507,304,325,314.5
1219,14917,3,17826,1,1,1.0
1220,30990,9,28312,1,1,1.0
1221,8980,1,3552,1,1,1.0
1222,3969,0,3582,4443,3535,3989.0
1223,16497,1,26305,1,1,1.0
1224,19936,0,239,5124,10078,7601.0
1225,6533,0,4369,12508,22299,17403.5
1226,26368,1,8799,1,1,1.0
1227,4480,1,32602,1,1,1.0
1228,35059,0,27412,3829,2181,3005.0
1229,2949,1,8019,1,1,1.0
1230,2645,4,29221,3,29,16.0
1231,7590,5,2566,7540,39841,23690.5
1232,23462,0,5675,27260,28836,28048.0
1233,25133,5,5012,1,1,1.0
1234,14927,4,5288,26,132,79.0
1235,11058,2,6577,32,2,17.0
1236,14697,1,31992,1,1,1.0
1237,7534,9,18226,1,1,1.0
1238,10204,1,10208,1,1,1.0
1239,5783,4,23036,4,40,22.0
1240,5031,1,28475,1,1,1.0
1241,20898,0,9048,14879,29886,22382.5
1242,15312,0,12860,37466,37249,37357.5
1243,21401,1,1933,1,1,1.0
1244,36771,0,6286,3,1,2.0
1245,12469,1,1992,1,1,1.0
1246,18451,5,1238,1,1,1.0
1247,1678,7,40551,1,78,39.5
1248,37552,0,2655,2,2,2.0
1249,31236,4,34496,1,2,1.5
1250,40284,1,24622,1,1,1.0
1251,3130,1,27019,1,1,1.0
1252,24515,2,20288,57,6,31.5
1253,23982,0,37653,194,146,170.0
1254,20447,1,9918,1,1,1.0
1255,33871,0,228,5279,7328,6303.5
1256,7793,0,608,31356,40208,35782.0
1257,24594,5,1819,17,1,9.0
1258,15028,1,16314,1,1,1.0
1259,586,1,11276,1,1,1.0
1260,40628,0,33021,17040,16371,16705.5
1261,18621,0,39,3,1,2.0
1262,3648,1,3647,1,1,1.0
1263,19317,0,1107,14586,24082,19334.0
1264,830,1,21753,1,1,1.0
1265,8270,1,9886,1,1,1.0
1266,14780,1,6419,1,1,1.0
1267,40837,0,15224,14626,1563,8094.5
1268,7188,0,11737,51,8,29.5
1269,10277,1,2951,1,1,1.0
1270,39279,0,184,6,1,3.5
1271,25047,0,19223,9574,21949,15761.5
1272,23871,0,918,19,2,10.5
1273,8168,0,13192,17851,13213,15532.0
1274,10293,1,12214,1,1,1.0
1275,3239,4,36428,1,19,10.0
1276,23642,0,26543,38290,39927,39108.5
1277,4913,4,20284,1,3,2.0
1278,19322,5,7288,5081,26401,15741.0
1279,26302,0,3459,6227,22284,14255.5
1280,24430,0,2060,2079,13715,7897.0
1281,3331,5,16655,198,196,197.0
1282,30805,1,16646,1,1,1.0
1283,40838,0,608,14168,36785,25476.5
1284,37756,0,278,3,1,2.0
1285,6726,1,5782,1,1,1.0
1286,3395,0,184,13,2,7.5
1287,5491,1,1201,1,1,1.0
1288,6549,1,14425,1,1,1.0
1289,5544,1,3327,1,1,1.0
1290,7983,3,7982,2,1,1.5
1291,3403,1,6328,1,1,1.0
1292,7229,4,37460,34,143,88.5
1293,20544,1,28902,1,1,1.0
1294,37862,0,11301,175,66,120.5
1295,9021,2,741,1,1,1.0
1296,530,1,21170,1,1,1.0
1297,9371,1,9370,1,1,1.0
1298,10360,1,10359,1,1,1.0
1299,21518,1,29527,1,1,1.0
1300,36581,0,16397,118,115,116.5
1301,3972,7,37089,40932,16309,28620.5
1302,8883,0,5790,15,23,19.0
1303,29553,0,8837,6721,20134,13427.5
1304,38389,0,7334,6,3,4.5
1305,27814,0,9178,14,4,9.0
1306,10855,1,31116,20,6,13.0
1307,7396,4,28775,1,67,34.0
1308,19351,0,265,23,13,18.0
1309,1431,4,27265,2,4,3.0
1310,21874,0,278,9,2,5.5
1311,40839,0,1784,19111,40232,29671.5
1312,27563,1,35599,1,1,1.0
1313,1193,4,39361,1,4,2.5
1314,39975,0,7068,11837,25665,18751.0
1315,3855,0,3909,2,4,3.0
1316,29212,0,34093,16,547,281.5
1317,40840,0,918,16294,33910,25102.0
1318,11573,1,13583,1,1,1.0
1319,14748,1,9890,1,1,1.0
1320,40841,0,16266,18037,30934,24485.5
1321,40842,0,67,15041,32561,23801.0
1322,1154,0,18959,18731,28321,23526.0
1323,32397,0,13044,35059,40573,37816.0
1324,17819,1,653,1,1,1.0
1325,2261,4,19476,1,10,5.5
1326,21026,0,306,1,2,1.5
1327,37840,0,313,17,7,12.0
1328,40843,0,3679,19450,39456,29453.0
1329,13988,0,168,1168,716,942.0
1330,38754,2,10661,5,1,3.0
1331,29501,0,6358,10090,11645,10867.5
1332,29860,0,18587,9197,6318,7757.5
1333,33438,1,36858,1,1,1.0
1334,36722,0,1474,34744,40784,37764.0
1335,2863,0,6499,2670,1701,2185.5
1336,7328,0,5714,35982,33240,34611.0
1337,14412,0,20621,2595,3356,2975.5
1338,2783,1,1316,1,1,1.0
1339,35316,5,38173,2,1,1.5
1340,20490,1,7847,1,1,1.0
1341,13466,0,39,19,2,10.5
1342,21077,4,10657,63,226,144.5
1343,10380,0,1964,12,8,10.0
1344,17802,1,3847,1,1,1.0
1345,29031,4,40721,31473,20329,25901.0
1346,29630,5,22311,1,1,1.0
1347,3408,8,28506,1,5,3.0
1348,14888,4,21122,4,5,4.5
1349,819,1,7732,1,1,1.0
1350,7100,4,29718,280,2059,1169.5
1351,8077,1,7192,1,1,1.0
1352,840,8,36647,12,100,56.0
1353,16136,1,39043,1,1,1.0
1354,13225,1,15253,1,1,1.0
1355,40844,0,6467,16525,23649,20087.0
1356,6069,0,37345,27,49,38.0
1357,4895,0,8093,34844,40051,37447.5
1358,21558,1,13645,1,1,1.0
1359,10544,6,38325,1,2,1.5
1360,23888,0,1730,5,2,3.5
1361,33552,0,40037,3222,8565,5893.5
1362,739,0,912,66,59,62.5
1363,28603,4,38563,3,153,78.0
1364,16620,1,2522,1,1,1.0
1365,24900,3,5965,1,1,1.0
1366,3989,4,18951,1,2,1.5
1367,37709,2,1136,106,1,53.5
1368,22965,1,167,1,1,1.0
1369,35645,0,7367,9173,10739,9956.0
1370,36255,0,10055,1,1,1.0
1371,1574,1,8899,1,1,1.0
1372,21174,5,2295,34309,40939,37624.0
1373,21092,0,5178,12057,35746,23901.5
1374,26982,0,2318,43,4,23.5
1375,1482,1,35255,1,1,1.0
1376,40845,0,32455,12018,146,6082.0
1377,13776,2,121,15,1,8.0
1378,35000,0,9668,5,1,3.0
1379,32116,0,21176,3697,1252,2474.5
1380,23390,0,40586,421,16667,8544.0
1381,6582,1,16956,1,1,1.0
1382,19903,4,29357,51,187,119.0
1383,40810,0,51,10662,39259,24960.5
1384,35177,0,14481,7,5,6.0
1385,12330,0,11599,38,12,25.0
1386,7498,0,883,5,9,7.0
1387,3579,1,19372,1,1,1.0
1388,22422,1,9505,1,1,1.0
1389,15330,1,28910,1,1,1.0
1390,22889,0,11852,2563,3833,3198.0
1391,29771,9,3592,1,1,1.0
1392,25748,1,34204,1,1,1.0
1393,1772,6,37182,6,33,19.5
1394,15158,0,40846,18223,17134,17678.5
1395,7998,1,9673,1,1,1.0
1396,40847,0,8407,19838,32888,26363.0
1397,36351,0,4990,55,4,29.5
1398,40848,0,23390,11054,1,5527.5
1399,35466,0,11507,3,5,4.0
1400,12327,0,411,17233,30173,23703.0
1401,21952,4,9376,4,5,4.5
1402,4177,6,5022,2,20,11.0
1403,5040,0,220,8,3,5.5
1404,20777,0,30968,3783,6281,5032.0
1405,17995,1,415,1,1,1.0
1406,6540,0,6677,86,91,88.5
1407,30360,1,7239,1,1,1.0
1408,1019,4,8780,1,15,8.0
1409,33413,0,292,126,90,108.0
1410,36259,5,860,6470,39824,23147.0
1411,39831,1,4370,1,1,1.0
1412,17244,1,15986,1,1,1.0
1413,36165,0,12168,28386,39438,33912.0
1414,9116,4,34497,1,4,2.5
1415,4771,4,11796,1,3,2.0
1416,18918,0,15687,3,2,2.5
1417,29544,0,6411,16,3,9.5
1418,13258,1,515,1,1,1.0
1419,13524,0,292,9,2,5.5
1420,6678,1,7911,1,1,1.0
1421,7665,4,11919,1,5,3.0
1422,8356,1,22637,1,1,1.0
1423,39574,0,13157,34088,38870,36479.0
1424,20711,1,1090,1,1,1.0
1425,23997,1,406,1,1,1.0
1426,32427,0,24062,6376,8545,7460.5
1427,34071,1,12820,1,1,1.0
1428,40849,0,13412,18080,32295,25187.5
1429,1226,4,33413,71,298,184.5
1430,30840,5,860,2465,27757,15111.0
1431,4316,0,1500,72,7,39.5
1432,2423,1,24830,1,1,1.0
1433,29916,0,33246,3,13,8.0
1434,3714,1,3991,1,1,1.0
1435,6702,1,4469,1,1,1.0
1436,20629,0,10089,36,25,30.5
1437,4855,1,19562,1,1,1.0
1438,11423,1,4213,1,1,1.0
1439,10241,0,10481,6703,6484,6593.5
1440,5125,6,35244,1,1,1.0
1441,78,5,172,3,1,2.0
1442,35193,1,20768,1,1,1.0
1443,10842,1,11135,1,1,1.0
1444,3451,1,3450,1,1,1.0
1445,26219,0,15966,275,54,164.5
1446,20729,0,30962,7384,11483,9433.5
1447,28580,5,172,226,4,115.0
1448,36881,0,119,5,1,3.0
1449,2323,1,23181,1,1,1.0
1450,14339,9,16095,1,1,1.0
1451,32957,0,5195,3,1,2.0
1452,32917,0,9489,19745,31115,25430.0
1453,40688,0,3489,19550,39257,29403.5
1454,13220,2,6815,4,1,2.5
1455,785,8,1493,40942,38303,39622.5
1456,5097,1,27076,1,1,1.0
1457,17030,1,2573,1,1,1.0
1458,37807,1,30144,1,1,1.0
1459,2521,1,38597,1,1,1.0
1460,20549,1,8731,1,1,1.0
1461,9873,9,35523,1,1,1.0
1462,1071,6,14854,144,751,447.5
1463,3398,4,14735,1,8,4.5
1464,5855,1,7329,1,1,1.0
1465,3929,1,27247,1,1,1.0
1466,16292,1,29803,1,1,1.0
1467,6578,0,5973,36,18,27.0
1468,40850,0,1543,16251,36831,26541.0
1469,37429,1,32885,1,1,1.0
1470,5932,1,21935,1,1,1.0
1471,21295,1,6696,1,1,1.0
1472,14336,1,2808,1,1,1.0
1473,23816,0,13145,1,1,1.0
1474,16675,0,11522,1798,3732,2765.0
1475,40851,0,14187,20017,38711,29364.0
1476,10755,4,22444,5,13,9.0
1477,11129,1,13730,1,1,1.0
1478,8639,0,3289,45,14,29.5
1479,8776,1,1347,1,1,1.0
1480,20914,0,1967,3,3,3.0
1481,39300,0,1590,1226,933,1079.5
1482,13699,0,5381,38984,40731,39857.5
1483,37068,1,22654,1,1,1.0
1484,1801,1,21363,1,1,1.0
1485,29963,5,774,3,1,2.0
1486,31983,0,35119,20158,25797,22977.5
1487,19488,0,3006,28626,39850,34238.0
1488,40852,0,6747,16103,1707,8905.0
1489,31620,0,3716,139,14,76.5
1490,28133,0,18038,2,1,1.5
1491,8634,9,19910,1,1,1.0
1492,17970,0,4765,4881,4428,4654.5
1493,18612,4,19325,1,3,2.0
1494,20413,0,1973,1560,5363,3461.5
1495,1046,7,36048,1,71,36.0
1496,26353,1,4814,2,1,1.5
1497,22355,0,11595,27817,39013,33415.0
1498,1588,1,19716,1,1,1.0
1499,11612,1,21343,1,1,1.0
1500,5209,0,184,16,4,10.0
1501,5569,1,10107,1,1,1.0
1502,24840,0,14776,6,7,6.5
1503,24031,4,32273,13118,10124,11621.0
1504,31996,0,292,3,1,2.0
1505,12006,1,23328,1,1,1.0
1506,15403,4,40478,14,26,20.0
1507,16346,0,16005,112,15,63.5
1508,15054,1,2951,1,1,1.0
1509,9537,1,3843,1,1,1.0
1510,7668,1,35530,1,1,1.0
1511,8577,2,916,155,1,78.0
1512,39489,1,15557,1,1,1.0
1513,9434,4,40717,37367,20058,28712.5
1514,2924,4,29020,1,1,1.0
1515,22914,1,3088,1,1,1.0
1516,2945,9,2944,1,1,1.0
1517,24743,1,24742,1,1,1.0
1518,31284,1,19047,1,1,1.0
1519,1664,1,16927,1,1,1.0
1520,40307,0,4362,40936,40943,40939.5
1521,37417,5,774,3,1,2.0
1522,39206,0,12650,2,1,1.5
1523,29976,5,5742,24,1,12.5
1524,17663,4,9378,1,6,3.5
1525,20364,1,26993,1,1,1.0
1526,27150,0,3232,8042,21030,14536.0
1527,15769,0,1784,11123,26017,18570.0
1528,40853,0,23462,15964,35036,25500.0
1529,3866,4,38485,54,236,145.0
1530,40854,0,14981,14310,469,7389.5
1531,40855,0,25028,16910,11614,14262.0
1532,40678,5,5841,17527,38979,28253.0
1533,26893,3,11921,39646,21422,30534.0
1534,12815,4,20570,5,147,76.0
1535,38438,0,24102,15579,31701,23640.0
1536,9102,2,593,132,120,126.0
1537,31351,0,4030,2125,11417,6771.0
1538,1021,1,207,1,1,1.0
1539,22467,0,22049,1,1,1.0
1540,40856,0,8153,16461,36606,26533.5
1541,30426,0,532,4,2,3.0
1542,34372,4,36708,3,3,3.0
1543,7489,6,35302,12,55,33.5
1544,9267,0,1292,749,670,709.5
1545,5975,0,8327,8466,10204,9335.0
1546,112,6,23406,1,1,1.0
1547,6559,1,18773,1,1,1.0
1548,13687,1,7279,1,1,1.0
1549,37981,0,904,25,6,15.5
1550,15563,1,17861,1,1,1.0
1551,24736,1,14901,1,1,1.0
1552,7506,1,27215,1,1,1.0
1553,36527,0,883,3,2,2.5
1554,28486,1,28485,1,1,1.0
1555,22848,1,33665,1,1,1.0
1556,15952,0,3163,11,2,6.5
1557,17876,3,17875,1,1,1.0
1558,22196,1,22195,1,1,1.0
1559,13637,1,27685,1,1,1.0
1560,10125,4,13911,9,59,34.0
1561,2181,6,11583,244,1215,729.5
1562,4146,0,37135,281,336,308.5
1563,31487,4,8818,16,14,15.0
1564,36976,0,4550,1656,4671,3163.5
1565,785,8,38749,40938,21992,31465.0
1566,40857,0,2021,20638,39873,30255.5
1567,27575,0,6658,13019,39106,26062.5
1568,19537,9,28961,2,2,2.0
1569,1070,0,17546,18242,23448,20845.0
1570,9755,1,9754,1,1,1.0
1571,40381,0,34906,49,22,35.5
1572,15427,0,134,15412,30099,22755.5
1573,1511,0,15914,34593,31473,33033.0
1574,5005,1,28613,1,1,1.0
1575,40140,0,27752,3,1,2.0
1576,16225,4,4698,38,138,88.0
1577,40858,0,15284,16443,2816,9629.5
1578,628,1,627,1,1,1.0
1579,16800,4,32120,44,36,40.0
1580,25305,0,2099,2,1,1.5
1581,13821,1,13530,1,1,1.0
1582,18778,0,5314,529,342,435.5
1583,522,0,16646,33615,28430,31022.5
1584,16002,1,36632,1,1,1.0
1585,40859,0,37052,16808,24456,20632.0
1586,6188,4,24347,1,1,1.0
1587,34310,0,184,13,1,7.0
1588,15067,0,18496,25837,21453,23645.0
1589,29361,1,18956,1,1,1.0
1590,35900,3,685,2,1,1.5
1591,10119,1,25492,1,1,1.0
1592,28682,1,6956,1,1,1.0
1593,720,9,26603,1,1,1.0
1594,18029,0,8812,18,10,14.0
1595,36166,1,16798,1,1,1.0
1596,25906,1,176,2,10,6.0
1597,30646,4,33263,8,21,14.5
1598,10063,0,8348,9930,19187,14558.5
1599,39245,0,608,33288,40817,37052.5
1600,24984,0,232,4706,28882,16794.0
1601,28320,1,27155,1,1,1.0
1602,737,0,704,36660,32869,34764.5
1603,15635,5,5742,43,1,22.0
1604,16207,1,16206,1,1,1.0
1605,37148,0,23650,20162,18918,19540.0
1606,33954,1,14292,1,1,1.0
1607,18603,5,172,4380,38862,21621.0
1608,29886,1,28685,1,1,1.0
1609,38028,0,296,5,1,3.0
1610,9855,6,33387,2,6,4.0
1611,3785,0,28084,18683,4369,11526.0
1612,6922,1,6921,1,1,1.0
1613,7656,1,11492,1,1,1.0
1614,16454,1,15118,1,1,1.0
1615,27917,0,8192,4,1,2.5
1616,4197,0,8050,1,1,1.0
1617,25431,1,5635,1,1,1.0
1618,21862,0,39,18,3,10.5
1619,15018,1,18772,1,1,1.0
1620,9762,6,8948,11678,3689,7683.5
1621,30927,6,25532,6,22,14.0
1622,19315,1,39214,1,1,1.0
1623,18563,0,4302,5,2,3.5
1624,21993,1,19504,1,1,1.0
1625,36109,1,33016,1,1,1.0
1626,9794,0,26796,1,1,1.0
1627,40860,0,1945,17627,38229,27928.0
1628,27097,0,10241,26,5,15.5
1629,29302,0,15125,14824,10767,12795.5
1630,30204,1,7047,1,1,1.0
1631,13748,1,11108,1,1,1.0
1632,4384,1,24793,1,1,1.0
1633,10633,4,19550,4027,5848,4937.5
1634,17014,2,3167,3,1,2.0
1635,27322,1,37139,1,1,1.0
1636,40383,0,38168,1,4,2.5
1637,7362,4,32362,1,1,1.0
1638,22231,1,8513,1,1,1.0
1639,40692,0,8924,19213,39150,29181.5
1640,1685,1,12089,1,1,1.0
1641,450,4,4488,11,165,88.0
1642,39094,5,3918,21769,40922,31345.5
1643,11590,1,29649,1,1,1.0
1644,38723,0,1929,1,1,1.0
1645,19442,2,1137,2,1,1.5
1646,22793,0,3538,11,1,6.0
1647,8176,1,8852,1,1,1.0
1648,39375,0,265,4,3,3.5
1649,13830,1,6490,2,3,2.5
1650,33362,0,724,30679,39622,35150.5
1651,4388,4,38068,2,19,10.5
1652,24592,0,13837,19968,28006,23987.0
1653,4109,6,1349,1,3,2.0
1654,20971,4,929,17362,39471,28416.5
1655,2108,1,23830,1,1,1.0
1656,137,1,39790,1,1,1.0
1657,1079,0,2918,17292,32183,24737.5
1658,14471,4,26704,60,226,143.0
1659,38379,0,2037,30671,37048,33859.5
1660,19597,1,29925,1,1,1.0
1661,37410,0,27335,13425,18209,15817.0
1662,28450,5,914,23635,40883,32259.0
1663,39830,0,32910,1,1,1.0
1664,9472,3,9553,24265,40731,32498.0
1665,24002,1,31718,1,1,1.0
1666,3297,1,2037,1,1,1.0
1667,13378,4,37002,2,26,14.0
1668,8913,0,3779,2307,965,1636.0
1669,785,8,18729,3,12,7.5
1670,23066,0,10976,13443,16466,14954.5
1671,37193,0,36623,21549,16663,19106.0
1672,35461,0,15432,16747,19392,18069.5
1673,26740,5,4475,16,1,8.5
1674,6086,1,37968,108,51,79.5
1675,39988,0,6132,39338,40351,39844.5
1676,27635,0,6879,1276,2694,1985.0
1677,12792,1,18251,1,1,1.0
1678,25299,0,17090,307,469,388.0
1679,22804,0,9256,5,2,3.5
1680,22046,1,449,1,1,1.0
1681,36188,1,4691,1,1,1.0
1682,8288,0,2687,1,1,1.0
1683,37242,0,608,28715,40732,34723.5
1684,36270,0,265,2,1,1.5
1685,26701,5,39164,17843,17784,17813.5
1686,32842,0,239,5360,9130,7245.0
1687,20314,5,172,185,3,94.0
1688,60,2,6577,2,1,1.5
1689,11433,0,2275,16802,24740,20771.0
1690,33010,4,37752,317,965,641.0
1691,17564,4,28570,150,392,271.0
1692,14394,1,27202,1,1,1.0
1693,13143,0,586,232,28,130.0
1694,40861,0,35307,16086,7061,11573.5
1695,1347,1,4276,1,1,1.0
1696,16182,0,239,3299,6185,4742.0
1697,36533,1,31832,1,1,1.0
1698,24031,0,7047,4758,14410,9584.0
1699,1421,1,13698,1,1,1.0
1700,15918,1,8898,1,1,1.0
1701,39681,2,3869,185,4,94.5
1702,29520,1,38175,1,1,1.0
1703,7705,4,29204,32,109,70.5
1704,31945,1,533,1,1,1.0
1705,20267,1,11332,1,1,1.0
1706,20387,0,51,37,5,21.0
1707,40862,0,6138,21675,38545,30110.0
1708,28717,0,3163,2,1,1.5
1709,10925,1,8153,1,1,1.0
1710,8742,1,19068,1,1,1.0
1711,12405,1,2536,1,1,1.0
1712,22145,0,267,528,37,282.5
1713,10506,0,296,11,4,7.5
1714,12466,4,38408,4,58,31.0
1715,16552,1,10073,1,1,1.0
1716,31672,0,16442,23,45,34.0
1717,34829,0,34921,11,4,7.5
1718,6539,1,27537,1,1,1.0
1719,9620,0,3716,4,1,2.5
1720,24829,0,20017,984,930,957.0
1721,2315,0,3918,10551,40488,25519.5
1722,40863,0,22831,17510,22926,20218.0
1723,17365,6,1148,3020,2800,2910.0
1724,11735,1,13906,1,1,1.0
1725,8987,3,23784,23790,12854,18322.0
1726,10734,0,10886,8,1,4.5
1727,1494,0,15383,450,1323,886.5
1728,31725,6,3983,245,19,132.0
1729,19162,0,18654,3,2,2.5
1730,35945,5,914,18,1,9.5
1731,28499,0,2833,187,18,102.5
1732,4250,3,26422,4,2,3.0
1733,14121,1,5862,1,1,1.0
1734,36858,1,35629,1,1,1.0
1735,1002,0,15449,9955,17901,13928.0
1736,7196,0,3712,36007,40198,38102.5
1737,14237,9,14236,1,1,1.0
1738,15553,0,160,2040,3722,2881.0
1739,40286,1,14159,1,1,1.0
1740,1432,4,24308,2,28,15.0
1741,14579,1,1856,1,1,1.0
1742,29759,0,21793,1,1,1.0
1743,40,0,9353,26320,34742,30531.0
1744,10757,0,3459,5242,23715,14478.5
1745,40864,0,1578,19193,32549,25871.0
1746,36532,1,36531,1,1,1.0
1747,4832,1,7867,1,1,1.0
1748,40843,4,5346,17454,32809,25131.5
1749,27716,6,14968,31,88,59.5
1750,304,0,25231,28135,25882,27008.5
1751,11673,1,5110,1,1,1.0
1752,8542,1,19421,1,1,1.0
1753,2736,4,13398,4,41,22.5
1754,30629,1,15712,1,1,1.0
1755,522,1,13953,1,1,1.0
1756,20027,2,9746,3,1,2.0
1757,26019,0,4682,1,1,1.0
1758,15092,4,32205,18315,10003,14159.0
1759,785,8,28822,40668,3193,21930.5
1760,13106,4,30126,3,142,72.5
1761,785,8,37575,92,610,351.0
1762,7451,0,9653,5,8,6.5
1763,119,0,2748,13,5,9.0
1764,14198,1,7551,1,1,1.0
1765,19206,1,11656,1,1,1.0
1766,938,1,29478,1,1,1.0
1767,33016,1,33015,1,1,1.0
1768,19923,0,13346,6,2,4.0
1769,8767,0,2776,7847,10591,9219.0
1770,22077,5,6956,1,1,1.0
1771,25494,1,8589,1,1,1.0
1772,17206,0,4193,3583,6809,5196.0
1773,18961,2,7,1,1,1.0
1774,9026,1,21448,1,1,1.0
1775,10884,1,23870,1,1,1.0
1776,33656,0,17442,14903,20335,17619.0
1777,3331,1,35484,1,1,1.0
1778,13379,4,19119,14,118,66.0
1779,29844,1,36062,1,1,1.0
1780,39433,6,40246,15,6,10.5
1781,22133,0,1730,1,2,1.5
1782,13370,4,32777,21,70,45.5
1783,40865,0,34557,11124,16,5570.0
1784,23758,0,239,4643,8635,6639.0
1785,12307,1,5388,1,1,1.0
1786,8628,3,1186,227,220,223.5
1787,40607,0,4227,20236,39774,30005.0
1788,4299,0,1562,29,21,25.0
1789,3823,1,3813,1,1,1.0
1790,18208,6,35649,10512,10310,10411.0
1791,12758,0,980,10868,19059,14963.5
1792,26577,4,38800,13,18,15.5
1793,30998,1,2447,1,1,1.0
1794,40866,0,8678,19683,40459,30071.0
1795,19058,0,2497,2,1,1.5
1796,32294,0,1897,24049,40355,32202.0
1797,9481,9,158,2,1,1.5
1798,15588,1,15587,1,1,1.0
1799,15500,1,4546,1,1,1.0
1800,24319,1,11789,1,5,3.0
1801,24884,0,284,8,2,5.0
1802,13773,0,27141,4,1,2.5
1803,7659,1,7279,1,1,1.0
1804,25916,0,16303,5,3,4.0
1805,20354,1,18989,1,1,1.0
1806,973,1,13336,1,1,1.0
1807,9012,5,7786,11,1,6.0
1808,33079,0,3582,10464,18714,14589.0
1809,33237,1,410,1,1,1.0
1810,14633,6,8142,18566,32918,25742.0
1811,40867,0,339,17059,21621,19340.0
1812,3453,1,18417,1,1,1.0
1813,8951,1,28285,1,1,1.0
1814,8222,1,6150,1,1,1.0
1815,8054,3,25795,1,2,1.5
1816,6845,1,2779,1,1,1.0
1817,19202,0,12252,8,6,7.0
1818,20124,1,18592,1,1,1.0
1819,785,8,39420,40938,21619,31278.5
1820,30846,0,2941,1,1,1.0
1821,24226,0,239,14297,25089,19693.0
1822,4407,1,39995,1,1,1.0
1823,785,8,29200,40943,33508,37225.5
1824,19055,1,19054,1,1,1.0
1825,18106,0,278,4,1,2.5
1826,39027,0,9415,105,8,56.5
1827,23350,1,17390,1,1,1.0
1828,8558,1,7530,1,1,1.0
1829,7204,1,3167,1,1,1.0
1830,40868,0,5700,17126,24277,20701.5
1831,32469,0,324,306,44,175.0
1832,25032,1,25031,1,1,1.0
1833,38057,9,30720,1,1,1.0
1834,39499,0,292,2,1,1.5
1835,2736,4,26470,2,9,5.5
1836,12683,0,9758,27309,34825,31067.0
1837,14834,1,16497,1,1,1.0
1838,2030,0,1832,4,2,3.0
1839,1637,0,5616,9,7,8.0
1840,1702,4,29665,9,134,71.5
1841,36951,4,24229,13,40,26.5
1842,6008,1,1041,1,1,1.0
1843,14647,0,13213,1,1,1.0
1844,699,1,22618,1,1,1.0
1845,15177,0,292,13,3,8.0
1846,3210,5,1819,20,1,10.5
1847,1038,4,13190,1,5,3.0
1848,35907,4,37894,5,5,5.0
1849,13383,1,2789,1,1,1.0
1850,2713,6,7645,1,2,1.5
1851,11577,1,7731,1,1,1.0
1852,29218,1,4362,1,1,1.0
1853,903,5,5742,26,1,13.5
1854,40869,0,3918,18321,40913,29617.0
1855,40870,0,1335,16087,7144,11615.5
1856,24483,1,12798,1,1,1.0
1857,19570,1,4800,1,1,1.0
1858,17309,0,30810,40,33,36.5
1859,10156,1,963,1,1,1.0
1860,40438,0,1784,16249,35800,26024.5
1861,2452,1,7086,1,1,1.0
1862,6789,9,2507,1,1,1.0
1863,3387,0,19840,351,1343,847.0
1864,8525,4,37769,8,138,73.0
1865,35828,0,1364,30366,39234,34800.0
1866,16493,1,19237,1,1,1.0
1867,2933,1,7202,1,1,1.0
1868,6048,9,22594,1,1,1.0
1869,16533,0,2697,2,3,2.5
1870,29003,1,35415,1,1,1.0
1871,20788,1,10332,1,1,1.0
1872,5707,1,5706,1,1,1.0
1873,743,6,9450,1,1,1.0
1874,29609,1,29608,1,1,1.0
1875,22190,1,11262,1,1,1.0
1876,9192,1,19649,1,1,1.0
1877,39375,4,35988,4,3,3.5
1878,26202,0,7136,13,2,7.5
1879,36138,0,7877,5,1,3.0
1880,23317,0,6977,2960,2412,2686.0
1881,36948,1,27706,869,523,696.0
1882,12974,0,265,16,3,9.5
1883,34777,1,14753,1,1,1.0
1884,23212,0,2918,22,4,13.0
1885,1046,7,39181,40599,5591,23095.0
1886,1620,4,23845,1,1,1.0
1887,12071,1,18026,1,1,1.0
1888,33915,2,121,286,3,144.5
1889,19623,0,1730,4,2,3.0
1890,8848,5,14818,3,1,2.0
1891,11500,6,11034,3,15,9.0
1892,16013,1,5367,1,1,1.0
1893,10574,6,36868,4,24,14.0
1894,40871,0,2664,12197,28513,20355.0
1895,17807,0,1244,14,10,12.0
1896,18072,0,1880,4004,17278,10641.0
1897,7031,1,26802,1,1,1.0
1898,26845,0,292,8,2,5.0
1899,32487,1,10667,1,1,1.0
1900,17837,0,7272,1,2,1.5
1901,28680,1,10686,1,1,1.0
1902,9031,4,20091,4,70,37.0
1903,37696,0,13023,163,14,88.5
1904,5434,1,5433,1,1,1.0
1905,24552,2,8531,18710,38158,28434.0
1906,26868,1,5872,1,1,1.0
1907,35789,5,3276,1424,20048,10736.0
1908,39401,0,24275,3,1,2.0
1909,27408,0,4448,6,1,3.5
1910,40872,0,2604,17946,40629,29287.5
1911,12076,1,3005,1,1,1.0
1912,13163,1,17198,1,1,1.0
1913,8664,1,2489,1,1,1.0
1914,25485,2,3943,1,1,1.0
1915,4319,2,1136,609,12,310.5
1916,1311,0,896,39089,17335,28212.0
1917,4318,6,27523,44,226,135.0
1918,36055,6,19589,23013,24144,23578.5
1919,34189,2,916,121,1,61.0
1920,19768,0,5156,244,295,269.5
1921,17022,6,35666,119,1005,562.0
1922,4621,1,88,1,1,1.0
1923,40873,0,28355,15598,2239,8918.5
1924,28964,0,1244,42,4,23.0
1925,2460,9,9748,1,1,1.0
1926,2004,0,30642,224,400,312.0
1927,36214,0,573,27,8,17.5
1928,40874,0,22716,16286,22130,19208.0
1929,27757,0,1929,5,2,3.5
1930,25322,4,40518,179,198,188.5
1931,38351,0,9048,342,150,246.0
1932,2760,0,11134,186,202,194.0
1933,7848,5,914,3,1,2.0
1934,4446,9,1807,1,2,1.5
1935,36303,1,2876,1,1,1.0
1936,37244,1,21630,1,1,1.0
1937,40875,2,1754,20278,40803,30540.5
1938,38942,1,2626,32829,39561,36195.0
1939,3018,0,27173,1,11,6.0
1940,26985,0,7600,134,11,72.5
1941,8617,6,7587,27429,3574,15501.5
1942,24972,0,1142,5310,866,3088.0
1943,680,7,38698,40942,37030,38986.0
1944,6028,0,29623,20817,20013,20415.0
1945,36506,4,25083,34,147,90.5
1946,7152,1,4236,1,1,1.0
1947,40876,0,1295,18012,39233,28622.5
1948,22690,0,9531,1,1,1.0
1949,1595,5,914,419,67,243.0
1950,40877,0,574,14695,37053,25874.0
1951,13163,0,5488,347,275,311.0
1952,701,1,25692,1,1,1.0
1953,14347,1,5567,1,1,1.0
1954,22500,1,15849,1,1,1.0
1955,24584,6,29929,29,8,18.5
1956,18192,4,1499,76,112,94.0
1957,17820,1,654,1,1,1.0
1958,34164,0,21362,20247,29203,24725.0
1959,23961,0,6776,2637,6729,4683.0
1960,2111,1,35677,1,1,1.0
1961,32320,1,16031,37936,30854,34395.0
1962,31261,4,13766,599,1173,886.0
1963,14951,5,6776,2245,7855,5050.0
1964,38116,9,9,1,1,1.0
1965,40068,0,28942,17130,16155,16642.5
1966,21724,1,8592,1,1,1.0
1967,15734,0,184,17,3,10.0
1968,4229,1,37036,34574,20541,27557.5
1969,26183,0,11186,2777,5918,4347.5
1970,29689,1,11565,1,1,1.0
1971,29447,0,15913,175,130,152.5
1972,16697,4,31051,3,44,23.5
1973,5443,6,33646,2,2,2.0
1974,13087,1,36310,1,1,1.0
1975,22927,4,27025,14,10,12.0
1976,24129,1,15215,1,1,1.0
1977,24953,0,13135,6975,17927,12451.0
1978,22068,0,29955,16844,8491,12667.5
1979,6111,0,23960,6,7,6.5
1980,25033,0,4030,32,4,18.0
1981,2003,0,4127,40119,40817,40468.0
1982,1521,0,532,4,1,2.5
1983,40878,0,34399,15665,1159,8412.0
1984,26349,1,19291,1,1,1.0
1985,39009,0,184,135,66,100.5
1986,15641,1,5982,1,1,1.0
1987,3948,3,25669,22033,774,11403.5
1988,16918,1,2507,1,1,1.0
1989,2434,0,16266,5,4,4.5
1990,40879,0,39495,12601,178,6389.5
1991,10738,0,8594,155,169,162.0
1992,12395,0,4161,23,1,12.0
1993,26530,0,25605,8,10,9.0
1994,25576,0,19971,28914,36796,32855.0
1995,33667,0,1730,2,1,1.5
1996,3574,6,39280,1,3,2.0
1997,35051,1,36988,1,1,1.0
1998,19269,6,3870,32481,33879,33180.0
1999,26457,1,21879,1,1,1.0
2000,16049,4,31756,4,13,8.5
2001,26279,5,6146,1,1,1.0
2002,28418,5,2295,6080,39892,22986.0
2003,1864,4,12986,2,3,2.5
2004,22137,5,3531,80,1,40.5
2005,1864,0,1703,1,2,1.5
2006,15837,1,15836,1,1,1.0
2007,23836,1,3274,1,1,1.0
2008,3895,0,3721,24,4,14.0
2009,23820,6,25420,1,5,3.0
2010,27155,1,29136,1,1,1.0
2011,28203,4,29473,45,200,122.5
2012,2999,1,36067,1,1,1.0
2013,11766,5,10754,13,1,7.0
2014,21253,0,5982,1693,1432,1562.5
2015,40880,0,10330,17133,33360,25246.5
2016,29695,1,25945,1,1,1.0
2017,15242,6,5534,1,3,2.0
2018,16017,3,30757,1108,605,856.5
2019,2573,1,9486,1,1,1.0
2020,10504,6,36780,140,896,518.0
2021,31226,0,17728,1867,812,1339.5
2022,1538,0,8355,11215,20854,16034.5
2023,29667,0,249,12081,36733,24407.0
2024,134,1,2633,1,1,1.0
2025,1196,5,12328,8924,35400,22162.0
2026,29190,5,2139,20349,39710,30029.5
2027,13338,1,18054,1,1,1.0
2028,17040,8,37417,16,102,59.0
2029,19110,4,40436,29,19,24.0
2030,9335,5,2139,1,1,1.0
2031,1935,0,7945,15,3,9.0
2032,29446,0,4940,19105,28427,23766.0
2033,32001,2,3539,250,16,133.0
2034,7118,0,3978,62,17,39.5
2035,27765,0,206,22878,40494,31686.0
2036,16624,0,8260,16607,23936,20271.5
2037,1966,4,24890,8213,3634,5923.5
2038,5443,2,1773,18,2,10.0
2039,32091,1,26184,10,1,5.5
2040,31338,0,8266,18,1,9.5
2041,40221,5,73,5,1,3.0
2042,27000,0,7247,5,1,3.0
2043,7890,1,8556,1,1,1.0
2044,4686,0,9935,713,361,537.0
2045,36297,0,16303,2,1,1.5
2046,34900,2,1136,115,2,58.5
2047,1690,1,5111,1,1,1.0
2048,10335,1,2363,1,1,1.0
2049,19856,1,15917,1,1,1.0
2050,15168,1,35514,1,1,1.0
2051,40881,0,9334,17817,38192,28004.5
2052,28253,1,28252,1,1,1.0
2053,11736,1,678,1,1,1.0
2054,5923,1,5569,1,1,1.0
2055,12371,1,20336,1,1,1.0
2056,26061,0,9371,3915,7492,5703.5
2057,26039,1,31200,24788,26195,25491.5
2058,39168,1,23614,1,1,1.0
2059,40882,0,1287,18252,40719,29485.5
2060,20692,1,21524,1,1,1.0
2061,24359,1,36592,1,1,1.0
2062,6740,1,6335,1,1,1.0
2063,9720,0,4743,33,6,19.5
2064,5315,0,18408,6,9,7.5
2065,13398,4,7720,23,15,19.0
2066,11605,4,40002,26,44,35.0
2067,2489,1,15398,1,1,1.0
2068,37635,0,7600,227,17,122.0
2069,27936,0,4550,22,3,12.5
2070,12921,1,24570,1,1,1.0
2071,5134,2,4633,1,1,1.0
2072,35877,0,85,32,12,22.0
2073,26136,1,26135,1,1,1.0
2074,37633,0,20754,11458,22723,17090.5
2075,40883,0,1222,13481,1838,7659.5
2076,19190,1,22874,1,1,1.0
2077,30007,2,121,2,1,1.5
2078,14563,2,35454,35434,19701,27567.5
2079,12530,1,5329,1,1,1.0
2080,9842,0,3579,8112,18304,13208.0
2081,37793,0,425,3691,17774,10732.5
2082,25327,5,3250,54,38,46.0
2083,7112,1,21005,1,1,1.0
2084,13785,6,30026,11614,3954,7784.0
2085,40279,0,532,1,1,1.0
2086,30892,1,27200,1,1,1.0
2087,22309,1,11345,1,1,1.0
2088,652,1,11489,1,1,1.0
2089,21523,0,5914,26952,36397,31674.5
2090,31349,1,5178,1,1,1.0
2091,21646,1,1295,1,1,1.0
2092,3771,0,5644,16,7,11.5
2093,27917,1,5927,3,3,3.0
2094,785,8,155,40941,19791,30366.0
2095,40884,0,608,12364,34757,23560.5
2096,19459,1,8641,1,1,1.0
2097,103,0,9917,9074,2994,6034.0
2098,32343,0,7890,119,178,148.5
2099,9486,3,6190,9281,2191,5736.0
2100,34367,1,30925,1,1,1.0
2101,39210,0,36049,33643,36506,35074.5
2102,27244,6,22681,3,10,6.5
2103,40885,0,6690,20282,40258,30270.0
2104,9225,0,178,6003,5342,5672.5
2105,9320,0,2318,9,3,6.0
2106,22158,3,1791,1,1,1.0
2107,32975,1,32002,1,1,1.0
2108,12608,4,21734,1,17,9.0
2109,31281,1,6359,1,1,1.0
2110,28257,1,28256,1,1,1.0
2111,3741,1,18271,1,1,1.0
2112,8455,0,14334,2406,3146,2776.0
2113,6188,4,24112,2,57,29.5
2114,11170,1,606,1,1,1.0
2115,15205,0,265,2,1,1.5
2116,9097,4,33963,45,47,46.0
2117,15436,1,15435,1,1,1.0
2118,31583,0,883,73,4,38.5
2119,9201,1,9200,1,1,1.0
2120,6058,0,5378,20,6,13.0
2121,23301,0,6286,49,20,34.5
2122,24455,0,7235,27519,37340,32429.5
2123,40886,0,36491,14717,853,7785.0
2124,27948,0,29072,3825,5008,4416.5
2125,2574,1,10949,1,1,1.0
2126,21619,5,1981,43,1,22.0
2127,15184,1,36822,1,1,1.0
2128,17033,1,208,1,1,1.0
2129,40705,0,51,10168,39400,24784.0
2130,21930,0,12252,162,681,421.5
2131,5633,0,4663,36798,40488,38643.0
2132,23779,0,17423,1483,224,853.5
2133,31140,0,1615,8,2,5.0
2134,1678,7,40887,40940,13522,27231.0
2135,29071,0,25203,766,548,657.0
2136,4929,4,37085,75,243,159.0
2137,8545,0,324,9498,28489,18993.5
2138,11962,4,5667,1,1,1.0
2139,14732,6,18907,12418,5560,8989.0
2140,4582,0,23340,10754,8976,9865.0
2141,6093,10,24981,1,1,1.0
2142,38187,0,2275,7103,16620,11861.5
2143,3675,1,19310,1,1,1.0
2144,14001,0,36202,88,16,52.0
2145,12857,1,21449,1,1,1.0
2146,37407,0,19919,281,5,143.0
2147,35545,1,14189,1,1,1.0
2148,28934,0,6210,21,12,16.5
2149,13298,1,26814,1,1,1.0
2150,6726,3,6725,85,98,91.5
2151,10884,0,12402,86,73,79.5
2152,18672,8,18729,1,1,1.0
2153,12356,1,20726,1,1,1.0
2154,25270,0,6354,22491,18503,20497.0
2155,11679,7,15652,20,938,479.0
2156,27819,0,3087,13657,23795,18726.0
2157,15028,1,5116,1,1,1.0
2158,40888,0,4743,20772,39315,30043.5
2159,36533,9,24287,1,1,1.0
2160,18713,0,2318,75,8,41.5
2161,18992,0,780,35,9,22.0
2162,12696,0,1750,38192,40476,39334.0
2163,22477,1,2282,1,1,1.0
2164,17701,4,36065,11,11,11.0
2165,20641,0,36866,26624,15045,20834.5
2166,12466,4,38825,9,82,45.5
2167,31601,0,1352,1399,1747,1573.0
2168,4871,0,1244,1,1,1.0
2169,36144,0,28533,21957,27558,24757.5
2170,1043,1,20085,1,1,1.0
2171,14487,0,1244,2,2,2.0
2172,6111,1,11198,1,1,1.0
2173,22400,2,2183,6,1,3.5
2174,1678,7,26036,40929,13240,27084.5
2175,39117,2,5348,9,2,5.5
2176,12905,1,5832,1,1,1.0
2177,24630,0,22399,6393,10246,8319.5
2178,8334,2,35737,2751,1122,1936.5
2179,13347,0,26570,82,4,43.0
2180,33246,0,425,954,1597,1275.5
2181,38740,2,1326,194,2,98.0
2182,40889,0,34949,16494,16389,16441.5
2183,12551,0,7485,73,36,54.5
2184,14366,0,24327,21300,17037,19168.5
2185,3154,1,27514,1,1,1.0
2186,35950,0,20760,388,348,368.0
2187,33614,5,172,109,1,55.0
2188,23933,1,23098,1,1,1.0
2189,12685,6,19180,73,78,75.5
2190,12358,2,4168,17,2,9.5
2191,9298,0,3163,2,1,1.5
2192,35674,0,16517,10103,13909,12006.0
2193,18423,1,20629,1,1,1.0
2194,8104,1,12438,1,1,1.0
2195,5167,6,27267,40733,17024,28878.5
2196,3239,4,39144,4,13,8.5
2197,6813,1,5175,1,1,1.0
2198,7375,1,7374,1,1,1.0
2199,40890,2,23906,15099,7776,11437.5
2200,20124,0,14100,30114,32716,31415.0
2201,21948,4,38918,3838,5496,4667.0
2202,17500,9,17499,1,1,1.0
2203,6759,1,21078,1,1,1.0
2204,35415,0,2807,30884,38509,34696.5
2205,34227,5,5167,24278,40876,32577.0
2206,11196,0,24534,35405,38185,36795.0
2207,16734,7,13678,35907,24824,30365.5
2208,865,1,17946,1,1,1.0
2209,1821,6,39122,15,55,35.0
2210,11630,1,31896,1,1,1.0
2211,13100,9,9481,1,1,1.0
2212,7284,1,17756,1,1,1.0
2213,26770,5,6829,3,1,2.0
2214,37565,1,22789,1,1,1.0
2215,11926,1,11925,1,1,1.0
2216,27446,1,22702,1,1,1.0
2217,22785,0,5734,2228,2362,2295.0
2218,13999,0,37238,169,32,100.5
2219,22074,5,172,24052,40923,32487.5
2220,2050,6,30438,10566,7534,9050.0
2221,34328,5,2295,17290,40875,29082.5
2222,21493,0,24309,24727,33318,29022.5
2223,38079,2,1754,954,4128,2541.0
2224,29122,0,1500,13,1,7.0
2225,40891,0,13449,15886,1083,8484.5
2226,785,8,15703,6,396,201.0
2227,20760,0,25127,6585,5317,5951.0
2228,15390,1,38904,8670,4662,6666.0
2229,32040,1,4547,1,1,1.0
2230,40773,0,2732,18028,35228,26628.0
2231,33146,1,2101,1,1,1.0
2232,17987,3,17986,1,1,1.0
2233,13023,0,239,94,5,49.5
2234,29746,3,17987,1,1,1.0
2235,2692,0,10487,64,16,40.0
2236,9939,2,2580,17,1,9.0
2237,32902,1,29338,1,1,1.0
2238,25115,0,11301,25844,33923,29883.5
2239,14511,6,11512,34760,7982,21371.0
2240,14504,1,14022,1,1,1.0
2241,1142,0,4722,12780,24528,18654.0
2242,7324,2,12273,2,1,1.5
2243,6117,1,683,1,1,1.0
2244,25817,0,40019,29591,22577,26084.0
2245,39730,4,31900,13717,9448,11582.5
2246,40892,0,1672,14862,35752,25307.0
2247,28703,0,3909,5588,17714,11651.0
2248,14912,3,19439,1,2,1.5
2249,24513,0,4550,2,6,4.0
2250,34332,4,1842,7,14,10.5
2251,29957,5,8285,285,3,144.0
2252,8398,4,40398,36887,12388,24637.5
2253,6921,1,7885,1,1,1.0
2254,25343,1,13730,1,1,1.0
2255,13141,4,36356,5,38,21.5
2256,24146,1,36079,1,1,1.0
2257,30475,0,10916,26466,32347,29406.5
2258,35052,0,959,35134,40691,37912.5
2259,8973,0,15567,11840,7795,9817.5
2260,2840,1,18631,1,1,1.0
2261,4993,1,4648,1,1,1.0
2262,23035,0,2497,22966,40277,31621.5
2263,17933,0,160,405,242,323.5
2264,15543,4,26788,10881,2115,6498.0
2265,7005,0,9367,2269,2638,2453.5
2266,9926,1,1976,1,1,1.0
2267,38194,0,6335,24116,23592,23854.0
2268,40893,0,10088,16855,20853,18854.0
2269,18632,0,15264,37731,32357,35044.0
2270,39440,0,1444,3800,5219,4509.5
2271,20115,2,2580,3,1,2.0
2272,6226,1,29,1,1,1.0
2273,10855,1,19155,1,1,1.0
2274,22501,2,1326,2,1,1.5
2275,25930,4,9684,2,46,24.0
2276,40099,2,3843,13872,40646,27259.0
2277,268,0,17555,27105,28536,27820.5
2278,39714,5,5407,586,94,340.0
2279,28032,0,5259,26454,30870,28662.0
2280,31612,1,9688,1,1,1.0
2281,1782,1,1781,1,1,1.0
2282,34009,6,39128,151,503,327.0
2283,39214,0,32965,2,2,2.0
2284,25597,0,4132,4644,7789,6216.5
2285,16378,0,2054,2,6,4.0
2286,34758,0,284,4,1,2.5
2287,18557,9,18725,1,1,1.0
2288,40453,1,28165,1,1,1.0
2289,7231,0,16733,16627,18867,17747.0
2290,17867,1,14085,1,1,1.0
2291,35944,2,916,365,1,183.0
2292,36972,5,172,9,1,5.0
2293,36201,4,39259,4,81,42.5
2294,17202,0,12720,11,8,9.5
2295,28053,0,4049,492,240,366.0
2296,5788,0,7027,39,11,25.0
2297,17180,1,8356,1,1,1.0
2298,22873,1,37187,1,1,1.0
2299,12322,0,4550,5,2,3.5
2300,30984,1,6485,1,1,1.0
2301,12052,1,6794,1,1,1.0
2302,6371,6,13857,4473,1669,3071.0
2303,20088,5,3785,30136,40563,35349.5
2304,21012,1,19165,1,1,1.0
2305,1675,3,3261,1,1,1.0
2306,32329,0,39076,1360,2950,2155.0
2307,1788,0,22163,5,4,4.5
2308,31927,1,15601,1,1,1.0
2309,8791,1,15310,1,1,1.0
2310,23303,1,6584,1,1,1.0
2311,12784,4,5463,1,2,1.5
2312,9014,0,13840,17473,20763,19118.0
2313,14973,3,19845,2,13,7.5
2314,9501,1,16279,1,1,1.0
2315,9412,1,35482,1,1,1.0
2316,26517,1,352,2,1,1.5
2317,30651,1,30650,1,1,1.0
2318,13606,0,5759,151,108,129.5
2319,12541,0,2054,14,7,10.5
2320,24242,4,40495,2268,3479,2873.5
2321,3024,1,8489,1,1,1.0
2322,4914,4,5471,3,27,15.0
2323,16649,0,11808,433,2190,1311.5
2324,8882,1,30608,1,1,1.0
2325,18181,1,8274,1,1,1.0
2326,24380,6,4034,5,4,4.5
2327,20967,1,38940,21426,9689,15557.5
2328,12345,4,32572,25,54,39.5
2329,5147,0,2497,490,741,615.5
2330,38545,2,3943,1,1,1.0
2331,17336,1,6811,1,1,1.0
2332,4393,0,21188,7090,2939,5014.5
2333,16082,0,19592,31839,30154,30996.5
2334,8574,1,8573,1,1,1.0
2335,40894,0,16542,15153,4643,9898.0
2336,40284,0,6614,2519,1787,2153.0
2337,13599,4,38034,48,178,113.0
2338,2399,3,852,1,1,1.0
2339,26551,1,17969,1,1,1.0
2340,19862,1,25685,1,1,1.0
2341,33100,0,23835,13890,22826,18358.0
2342,38732,1,16818,1,1,1.0
2343,30257,4,39983,30,57,43.5
2344,2097,1,9439,1,1,1.0
2345,32514,5,3785,19789,40273,30031.0
2346,785,8,10116,40942,19236,30089.0
2347,8891,1,8890,1,1,1.0
2348,40895,0,13346,16840,35713,26276.5
2349,10946,1,16189,1,1,1.0
2350,23311,5,666,23,1,12.0
2351,7605,1,16736,1,1,1.0
2352,40896,0,23801,13176,104,6640.0
2353,637,6,14054,3,4,3.5
2354,16355,1,22399,6370,5773,6071.5
2355,3152,1,34834,1,1,1.0
2356,8027,0,17129,21112,37260,29186.0
2357,18036,1,23414,1,1,1.0
2358,39291,0,278,5,1,3.0
2359,10896,1,5187,1,1,1.0
2360,29378,0,14065,19,3,11.0
2361,11268,1,18820,24,7,15.5
2362,10603,3,7644,1,1,1.0
2363,17532,0,39,7,3,5.0
2364,28163,6,33290,33,30,31.5
2365,13147,2,3869,29,2,15.5
2366,26372,1,2839,1,1,1.0
2367,13731,1,3340,1,1,1.0
2368,30635,1,27499,1,1,1.0
2369,4485,1,4213,1,1,1.0
2370,19561,2,12788,9,3,6.0
2371,6316,1,14884,2,2,2.0
2372,40071,0,542,111,12,61.5
2373,24433,1,24432,1,1,1.0
2374,5449,0,9435,55,29,42.0
2375,8518,8,19686,7,89,48.0
2376,11636,0,4446,26308,40402,33355.0
2377,36028,1,13581,1,1,1.0
2378,23015,1,39472,1,1,1.0
2379,32701,0,522,2,1,1.5
2380,35142,0,284,4,1,2.5
2381,29941,0,8121,28,5,16.5
2382,11007,0,39628,643,1171,907.0
2383,38483,1,35975,1,1,1.0
2384,18415,5,2176,1212,13487,7349.5
2385,26765,1,9367,1,1,1.0
2386,27069,0,17594,11,6,8.5
2387,31414,0,21528,11,7,9.0
2388,10966,0,6448,22706,29395,26050.5
2389,7397,0,296,5,2,3.5
2390,1046,7,18091,40928,21573,31250.5
2391,7275,0,36151,24256,28751,26503.5
2392,3729,0,20717,3,2,2.5
2393,2452,1,3976,1,1,1.0
2394,18478,2,2023,1316,125,720.5
2395,10347,0,12311,3,2,2.5
2396,40897,0,15992,21090,32014,26552.0
2397,29348,1,9181,1,1,1.0
2398,26856,1,26855,1,1,1.0
2399,181,4,20452,9,172,90.5
2400,30056,0,13450,313,177,245.0
2401,30773,0,184,3,1,2.0
2402,13510,0,34706,14033,10714,12373.5
2403,9041,1,8986,1,1,1.0
2404,40898,0,3796,15813,35013,25413.0
2405,33052,1,6521,1,1,1.0
2406,26934,4,36843,54,150,102.0
2407,2778,1,2777,1,1,1.0
2408,28399,9,24687,1,1,1.0
2409,163,1,9522,1,1,1.0
2410,38964,6,15538,3,34,18.5
2411,14884,1,6316,2,2,2.0
2412,35181,0,21518,2032,755,1393.5
2413,20438,0,11301,4476,10183,7329.5
2414,36295,6,20656,40939,40939,40939.0
2415,7947,1,3044,1,1,1.0
2416,3410,4,40221,16,121,68.5
2417,24577,0,6103,20460,14977,17718.5
2418,16507,0,184,11,2,6.5
2419,39447,2,955,172,14,93.0
2420,27080,0,35724,127,215,171.0
2421,25575,1,10508,1,1,1.0
2422,18317,0,16471,795,1367,1081.0
2423,30256,0,608,361,8,184.5
2424,40899,0,1371,18950,39592,29271.0
2425,32447,6,14556,1,1,1.0
2426,17519,0,3716,56,12,34.0
2427,1421,1,1420,1,1,1.0
2428,5046,5,5363,32061,40886,36473.5
2429,1771,1,36226,1,1,1.0
2430,7458,5,985,68,6,37.0
2431,31855,0,1378,27,6,16.5
2432,6787,1,26217,1,1,1.0
2433,20832,0,2453,29217,38449,33833.0
2434,38637,0,35536,895,287,591.0
2435,29542,6,38922,7,21,14.0
2436,11565,1,37185,1,1,1.0
2437,17578,1,8885,1,1,1.0
2438,40900,0,3668,18395,37569,27982.0
2439,11040,1,14848,1,1,1.0
2440,38879,4,40465,70,37,53.5
2441,23645,1,3271,1,1,1.0
2442,10717,1,23392,1,1,1.0
2443,7129,6,39342,6,12,9.0
2444,34439,5,2295,2,1,1.5
2445,22752,1,11603,1,1,1.0
2446,13171,0,2104,1,1,1.0
2447,3840,4,25993,6,10,8.0
2448,28048,0,20017,28640,36237,32438.5
2449,6976,1,6542,1,1,1.0
2450,6054,3,1296,35346,17377,26361.5
2451,8270,1,6124,1,1,1.0
2452,6504,0,17314,146,11,78.5
2453,1218,1,18913,1,1,1.0
2454,23637,1,22005,1,1,1.0
2455,1038,4,31677,2,5,3.5
2456,17345,0,3969,3693,2716,3204.5
2457,15354,6,3123,16805,39995,28400.0
2458,13863,1,15310,1,1,1.0
2459,38155,5,914,12,1,6.5
2460,31405,1,31404,1,1,1.0
2461,12259,4,40042,2311,3986,3148.5
2462,29053,0,31232,42,6,24.0
2463,14841,1,11642,1,1,1.0
2464,12434,1,11406,1,1,1.0
2465,5378,1,9054,1,1,1.0
2466,2720,1,5598,1,1,1.0
2467,25740,0,1378,16,3,9.5
2468,785,8,12268,1,51,26.0
2469,4571,1,19807,1,1,1.0
2470,20278,2,2023,479,4,241.5
2471,12516,1,16943,1,1,1.0
2472,9471,1,28564,1,1,1.0
2473,8734,1,1538,1,1,1.0
2474,680,7,40901,40933,21257,31095.0
2475,5932,1,5931,1,1,1.0
2476,40902,0,30686,15660,7543,11601.5
2477,4225,1,13633,1,1,1.0
2478,31196,0,30962,25066,27370,26218.0
2479,215,1,13069,1,1,1.0
2480,28342,4,21955,12,13,12.5
2481,18986,0,2482,34,4,19.0
2482,4050,1,5908,1,1,1.0
2483,23820,6,11103,1,5,3.0
2484,10960,0,16571,25,41,33.0
2485,28399,0,7125,7,1,4.0
2486,29585,1,8574,1,1,1.0
2487,3343,1,1512,1,1,1.0
2488,15421,1,7039,1,1,1.0
2489,40903,0,23890,12176,154,6165.0
2490,18173,1,23932,1,1,1.0
2491,26645,1,11702,1,1,1.0
2492,7241,1,9423,1,1,1.0
2493,15866,1,20662,1,1,1.0
2494,308,1,23762,1,1,1.0
2495,1602,1,20590,1,1,1.0
2496,7540,0,2723,6513,19189,12851.0
2497,4015,0,32323,2162,6253,4207.5
2498,40904,0,1222,13806,2878,8342.0
2499,36003,2,3957,3,1,2.0
2500,11479,0,4865,571,100,335.5
2501,1202,0,14475,27839,27126,27482.5
2502,14612,1,19739,1,1,1.0
2503,3450,1,6752,1,1,1.0
2504,32853,0,5203,12013,16506,14259.5
2505,37253,0,40396,513,434,473.5
2506,34648,0,16831,11,4,7.5
2507,1559,8,25902,40914,12625,26769.5
2508,33666,0,278,8,1,4.5
2509,14242,0,292,13,2,7.5
2510,1613,1,3914,1,1,1.0
2511,10826,0,26562,12783,17198,14990.5
2512,23101,1,12527,1,1,1.0
2513,16881,1,16880,1,1,1.0
2514,27830,0,8061,4316,13366,8841.0
2515,25076,0,265,2,2,2.0
2516,29184,1,30903,1,1,1.0
2517,27812,0,7474,25302,38148,31725.0
2518,20864,1,6464,1,1,1.0
2519,5262,6,29332,14687,9160,11923.5
2520,1076,1,27277,1,1,1.0
2521,35821,0,16863,16009,30513,23261.0
2522,13407,1,4967,1,1,1.0
2523,9713,1,18011,1,1,1.0
2524,31393,0,292,3,1,2.0
2525,12347,1,13214,1,1,1.0
2526,40905,0,3387,15064,20794,17929.0
2527,22063,1,36525,1,1,1.0
2528,37425,0,4766,27159,32915,30037.0
2529,4197,1,37513,1,1,1.0
2530,27152,4,38832,17,84,50.5
2531,15542,0,22049,15609,30095,22852.0
2532,12197,1,24146,1,1,1.0
2533,3025,1,16514,1,1,1.0
2534,31830,5,24055,1679,928,1303.5
2535,15799,6,17609,1,1,1.0
2536,32699,0,14562,3393,22755,13074.0
2537,38974,0,621,10,4,7.0
2538,17241,0,17150,2,2,2.0
2539,1771,1,9610,1,1,1.0
2540,7700,2,4168,14,2,8.0
2541,36716,0,15310,15043,28064,21553.5
2542,2858,4,33960,1,4,2.5
2543,26230,0,10765,7,1,4.0
2544,40906,0,10253,18586,39829,29207.5
2545,40153,0,6359,29558,40029,34793.5
2546,19752,1,19897,1,1,1.0
2547,38731,0,10922,12,8,10.0
2548,22504,0,7152,17,3,10.0
2549,30909,6,31031,105,740,422.5
2550,40907,0,25161,18189,17968,18078.5
2551,36147,0,8153,29663,38695,34179.0
2552,617,6,23164,74,871,472.5
2553,18503,1,5005,1,1,1.0
2554,16580,1,16649,1,1,1.0
2555,36978,0,692,18,4,11.0
2556,12999,1,15729,5,1,3.0
2557,20476,1,6724,10784,12209,11496.5
2558,40908,0,7921,21007,30420,25713.5
2559,2443,9,5163,1,2,1.5
2560,7159,4,32394,6,194,100.0
2561,9995,0,1520,7,2,4.5
2562,3657,1,11758,65,9,37.0
2563,687,6,27283,29909,2922,16415.5
2564,8662,0,716,9,2,5.5
2565,7974,1,3145,1,1,1.0
2566,40612,0,8594,17709,26083,21896.0
2567,24517,1,9302,1,1,1.0
2568,7449,0,7095,32633,36128,34380.5
2569,31989,4,40175,8,23,15.5
2570,40909,0,3338,15920,38780,27350.0
2571,19172,0,15730,5,4,4.5
2572,15433,6,23550,28972,15934,22453.0
2573,586,3,3510,23076,918,11997.0
2574,20750,0,1929,7,3,5.0
2575,15869,1,9418,1,1,1.0
2576,27694,3,13419,1,1,1.0
2577,21543,0,14367,14518,21543,18030.5
2578,5015,4,5256,3,16,9.5
2579,16016,1,10865,1,1,1.0
2580,2379,0,14652,13223,14190,13706.5
2581,40910,0,10662,19062,40496,29779.0
2582,18918,6,31983,5273,1174,3223.5
2583,40911,0,428,21983,40442,31212.5
2584,21996,6,20017,3975,3442,3708.5
2585,13388,1,17572,1,1,1.0
2586,38526,0,17405,17146,28278,22712.0
2587,4984,0,73,2,3,2.5
2588,5927,1,27917,3,3,3.0
2589,9889,0,38560,77,181,129.0
2590,11600,0,13047,1,1,1.0
2591,29623,0,33835,6020,5367,5693.5
2592,40912,0,9931,21640,32496,27068.0
2593,36575,0,34172,18431,14377,16404.0
2594,37187,0,3391,26256,37770,32013.0
2595,2940,0,23340,6,3,4.5
2596,19960,6,20910,7164,6752,6958.0
2597,10868,1,6529,1,1,1.0
2598,25398,1,30292,1,1,1.0
2599,13664,1,23487,1,1,1.0
2600,40913,2,1214,19686,40870,30278.0
2601,16437,0,26208,1327,2104,1715.5
2602,22757,1,22756,1,1,1.0
2603,40260,0,26108,1,1,1.0
2604,32735,0,5654,14,5,9.5
2605,40914,5,3918,22326,40934,31630.0
2606,16739,1,16646,1,1,1.0
2607,3447,1,9780,1,1,1.0
2608,7985,1,4209,1,1,1.0
2609,40915,0,10407,21709,32334,27021.5
2610,33590,0,608,10,1,5.5
2611,29725,5,9988,8084,18086,13085.0
2612,18333,0,1929,6,2,4.0
2613,6851,1,6468,1,1,1.0
2614,15604,3,4192,6,13,9.5
2615,9074,0,2243,1,3,2.0
2616,16945,1,27937,1,1,1.0
2617,37937,2,17319,2,1,1.5
2618,17444,1,7040,1,1,1.0
2619,24542,0,21434,2429,3010,2719.5
2620,35331,5,172,26,1,13.5
2621,19654,0,38248,22430,12803,17616.5
2622,24323,0,3621,31559,40768,36163.5
2623,40916,0,25194,15355,10129,12742.0
2624,3512,1,1507,1,1,1.0
2625,35515,4,5683,26736,23764,25250.0
2626,26598,1,13630,1,1,1.0
2627,3815,1,39428,1,1,1.0
2628,4037,0,16708,1,1,1.0
2629,29698,0,8868,8659,6463,7561.0
2630,30656,1,25760,1,1,1.0
2631,15051,1,14230,1,1,1.0
2632,1006,3,17460,2,1,1.5
2633,20944,1,2415,1,1,1.0
2634,7442,0,12505,78,49,63.5
2635,18890,4,37812,19,170,94.5
2636,37831,2,11666,34860,40542,37701.0
2637,9847,3,11802,33695,10353,22024.0
2638,19964,4,40677,31744,16897,24320.5
2639,38940,1,20967,17303,31698,24500.5
2640,23100,1,23574,1,1,1.0
2641,11495,0,4791,2197,3845,3021.0
2642,21645,1,16026,1,1,1.0
2643,39187,0,11100,5796,5073,5434.5
2644,3046,0,140,27,4,15.5
2645,1732,6,23260,1,1,1.0
2646,29279,4,22476,6,9,7.5
2647,21641,0,8412,33746,29448,31597.0
2648,21130,2,121,92,1,46.5
2649,3170,1,3169,1,1,1.0
2650,28640,2,741,1,1,1.0
2651,40283,0,13935,258,2,130.0
2652,9371,0,5623,134,108,121.0
2653,32173,0,25942,171,30,100.5
2654,21505,0,296,6,1,3.5
2655,17114,1,9438,1,1,1.0
2656,33419,4,28271,9,12,10.5
2657,40917,0,5681,20629,39554,30091.5
2658,15907,1,15906,1,1,1.0
2659,14098,4,39569,99,284,191.5
2660,14888,0,2518,3,1,2.0
2661,4725,1,3135,1,1,1.0
2662,24645,1,21259,1,1,1.0
2663,22111,1,25386,1,1,1.0
2664,11499,1,5619,1,1,1.0
2665,35212,0,8053,234,57,145.5
2666,3068,1,3431,1,1,1.0
2667,7129,6,37636,1,1,1.0
2668,7765,1,7764,1,1,1.0
2669,6630,0,4722,109,104,106.5
2670,29650,5,73,11382,38761,25071.5
2671,1104,0,7945,5,7,6.0
2672,40676,0,1378,17287,40603,28945.0
2673,14223,0,608,33202,40645,36923.5
2674,3034,2,1137,1,1,1.0
2675,11813,1,30361,1,1,1.0
2676,14404,1,3447,1,1,1.0
2677,14814,0,292,8,2,5.0
2678,40918,0,5178,17830,40208,29019.0
2679,13330,1,4080,1,1,1.0
2680,40919,0,27595,18540,36990,27765.0
2681,20569,1,7364,1,1,1.0
2682,5590,0,2110,23,7,15.0
2683,27835,1,30774,1,1,1.0
2684,2924,4,36766,1,8,4.5
2685,8240,5,4701,4,1,2.5
2686,11437,0,427,5,3,4.0
2687,6946,1,8731,1,1,1.0
2688,23185,0,85,4877,28451,16664.0
2689,2212,6,39573,37427,26885,32156.0
2690,29644,1,22647,1,1,1.0
2691,28102,1,13943,1,1,1.0
2692,39806,0,4094,17031,14096,15563.5
2693,11333,0,1873,31389,34793,33091.0
2694,13238,0,3407,22,5,13.5
2695,7708,1,7707,1,1,1.0
2696,20826,6,37122,9,33,21.0
2697,35116,1,2058,1,1,1.0
2698,4697,1,3858,1,1,1.0
2699,637,6,39536,31,520,275.5
2700,11455,4,7090,1,16,8.5
2701,9303,9,21981,1,1,1.0
2702,6924,4,25551,1,13,7.0
2703,21374,1,12921,1,1,1.0
2704,40920,0,6977,15338,35555,25446.5
2705,40921,0,10175,19232,29371,24301.5
2706,17450,0,1095,490,530,510.0
2707,38431,1,28014,1,1,1.0
2708,1038,4,33781,1,4,2.5
2709,12033,1,19844,1,1,1.0
2710,1678,7,18056,1,47,24.0
2711,5245,0,33893,7629,9725,8677.0
2712,11205,5,232,5027,35497,20262.0
2713,34222,0,38513,354,439,396.5
2714,8695,1,8694,1,1,1.0
2715,3104,1,3103,1,1,1.0
2716,15438,1,11384,1,1,1.0
2717,40922,0,14834,19345,34212,26778.5
2718,31721,1,24228,1,1,1.0
2719,31641,3,37842,5,15,10.0
2720,2370,4,3245,2,17,9.5
2721,8754,1,6098,1,1,1.0
2722,18988,0,27345,50,23,36.5
2723,40923,0,13663,18526,36925,27725.5
2724,13521,0,427,2,1,1.5
2725,11049,0,722,23658,32937,28297.5
2726,38136,0,2604,20,6,13.0
2727,37308,0,650,289,107,198.0
2728,38784,0,6570,301,81,191.0
2729,16141,4,16183,1,2,1.5
2730,496,1,32512,1,1,1.0
2731,37743,1,14493,1,1,1.0
2732,15119,0,296,5,3,4.0
2733,5090,1,38941,1,1,1.0
2734,34217,1,30032,1,1,1.0
2735,16865,1,8774,1,1,1.0
2736,26008,1,24248,13,63,38.0
2737,45,1,44,1,1,1.0
2738,22190,1,35891,1,1,1.0
2739,37763,1,3707,1,1,1.0
2740,2408,0,9048,32,13,22.5
2741,22457,6,34682,40943,40942,40942.5
2742,33138,1,11811,1,1,1.0
2743,25767,4,33687,3,2,2.5
2744,13958,4,28025,1,1,1.0
2745,27621,0,1677,18455,40409,29432.0
2746,656,1,37010,1,1,1.0
2747,14853,1,5935,1,1,1.0
2748,10583,1,2117,1,1,1.0
2749,20736,1,17537,25007,30012,27509.5
2750,19086,2,1326,16,1,8.5
2751,10184,0,28333,177,19,98.0
2752,38142,0,26564,2366,2796,2581.0
2753,9890,1,12054,1,1,1.0
2754,3096,4,25112,17,69,43.0
2755,39523,1,21345,1,1,1.0
2756,15613,0,15381,169,56,112.5
2757,11304,0,19910,44,23,33.5
2758,22584,1,12684,1,1,1.0
2759,27944,2,593,4160,32751,18455.5
2760,10350,1,13671,1,1,1.0
2761,7514,1,25165,1,1,1.0
2762,637,6,29851,102,665,383.5
2763,25852,1,20593,1,1,1.0
2764,14893,0,27550,2097,2373,2235.0
2765,31531,2,121,76,3,39.5
2766,28912,1,26118,1,1,1.0
2767,999,3,18389,8,7,7.5
2768,22787,1,22786,1,1,1.0
2769,8754,1,4244,1,1,1.0
2770,28456,6,22320,24,54,39.0
2771,5300,0,27067,372,672,522.0
2772,27989,2,17930,8,2,5.0
2773,622,0,8078,1235,367,801.0
2774,10205,1,10204,1,1,1.0
2775,21561,0,39,23,5,14.0
2776,24444,8,33475,1350,3327,2338.5
2777,35002,0,19318,33481,40199,36840.0
2778,769,1,9754,1,1,1.0
2779,5466,0,115,4895,21940,13417.5
2780,19843,0,2682,1,1,1.0
2781,22395,0,5140,21321,30235,25778.0
2782,20504,0,11647,1191,2492,1841.5
2783,11184,4,27448,27870,3039,15454.5
2784,33563,0,18375,26850,31065,28957.5
2785,19846,1,18645,8979,4695,6837.0
2786,23722,0,20561,10411,8665,9538.0
2787,36869,1,18872,1,1,1.0
2788,6490,1,13830,3,2,2.5
2789,1358,1,1357,1,1,1.0
2790,40756,0,85,11530,40132,25831.0
2791,13443,1,1717,1,1,1.0
2792,9968,1,13305,1,1,1.0
2793,6222,1,29825,1,1,1.0
2794,13503,1,7072,1,1,1.0
2795,29708,0,692,1,1,1.0
2796,9928,0,5616,2,1,1.5
2797,19488,1,38649,13793,11384,12588.5
2798,33791,0,2687,1,1,1.0
2799,12545,0,1244,31,4,17.5
2800,19156,0,89,30914,40540,35727.0
2801,28882,9,3696,1,1,1.0
2802,40924,0,22072,13515,6120,9817.5
2803,5185,0,13336,8571,10804,9687.5
2804,25496,0,5310,1,1,1.0
2805,30066,1,7387,1,1,1.0
2806,6506,6,39335,9,404,206.5
2807,29368,0,40057,35451,29232,32341.5
2808,27225,6,33459,14,62,38.0
2809,34810,0,17502,19229,14689,16959.0
2810,34773,0,34386,32626,35771,34198.5
2811,40449,0,1803,24307,40361,32334.0
2812,21774,6,9252,2926,3502,3214.0
2813,39078,0,883,82,17,49.5
2814,18483,1,17730,1,1,1.0
2815,18247,1,33545,1,1,1.0
2816,38623,0,5839,15196,31185,23190.5
2817,4359,1,29197,1,1,1.0
2818,34598,0,2409,3,1,2.0
2819,27198,1,6242,1,1,1.0
2820,27447,1,4053,1,1,1.0
2821,12732,1,26677,1,1,1.0
2822,8198,0,20655,35790,31282,33536.0
2823,13806,1,28087,1,1,1.0
2824,40925,0,19888,15486,11654,13570.0
2825,7673,1,10866,1,1,1.0
2826,17946,0,26351,779,599,689.0
2827,9983,4,21913,13,159,86.0
2828,20348,0,11447,5,1,3.0
2829,785,8,8245,40936,15859,28397.5
2830,23192,1,654,1,1,1.0
2831,38036,0,1666,29099,40735,34917.0
2832,32679,0,34089,10731,9076,9903.5
2833,35965,4,17251,7,12,9.5
2834,18481,6,27900,6886,6723,6804.5
2835,36099,1,27949,1,1,1.0
2836,25999,1,31140,1,1,1.0
2837,37628,1,32564,1,1,1.0
2838,4665,0,6717,24,5,14.5
2839,35847,0,1371,20,2,11.0
2840,31974,5,6146,1010,226,618.0
2841,31393,4,27927,14444,16367,15405.5
2842,4466,1,21189,1,1,1.0
2843,21987,0,20963,785,1071,928.0
2844,640,1,7220,1,1,1.0
2845,24070,0,18975,27707,28299,28003.0
2846,40926,0,20337,19307,34598,26952.5
2847,2758,1,22165,1,1,1.0
2848,4556,1,9927,1,1,1.0
2849,40353,0,10745,19378,35696,27537.0
2850,19632,1,35311,1,1,1.0
2851,39784,1,31199,1,1,1.0
2852,4594,0,5891,4536,12046,8291.0
2853,4491,0,19288,23689,18562,21125.5
2854,30729,4,33668,93,158,125.5
2855,34985,0,3925,12401,25795,19098.0
2856,28487,1,7168,1,1,1.0
2857,26416,1,36198,1,1,1.0
2858,38617,0,21,1,1,1.0
2859,34811,0,1272,12535,20660,16597.5
2860,3263,1,2390,1,1,1.0
2861,11689,0,15537,22,6,14.0
2862,31174,0,2497,8534,35787,22160.5
2863,28752,0,4416,113,13,63.0
2864,23282,0,1690,10,6,8.0
2865,33234,2,2524,7,1,4.0
2866,27422,0,8663,5518,9219,7368.5
2867,5643,1,3754,1,1,1.0
2868,11366,1,26527,1,1,1.0
2869,13094,2,1214,1,1,1.0
2870,24792,1,893,1,1,1.0
2871,3408,6,8940,49,113,81.0
2872,6657,1,21399,1,1,1.0
2873,39413,0,5325,22701,37068,29884.5
2874,11969,1,26616,1,1,1.0
2875,3838,1,15310,1,1,1.0
2876,36488,1,6245,1,1,1.0
2877,11151,1,17991,1,1,1.0
2878,3136,1,16161,1,1,1.0
2879,15117,1,11702,1,1,1.0
2880,3289,6,36920,706,439,572.5
2881,30980,0,3884,229,132,180.5
2882,30250,1,32816,1,1,1.0
2883,20075,1,5623,1,1,1.0
2884,4638,1,29948,1,1,1.0
2885,27855,0,9636,1375,445,910.0
2886,22777,1,35880,1,1,1.0
2887,15981,0,1328,6,2,4.0
2888,3901,1,1387,1,1,1.0
2889,22243,0,13777,2,1,1.5
2890,1460,1,8951,1,1,1.0
2891,15533,0,7387,68,40,54.0
2892,5542,1,30223,1,1,1.0
2893,38033,0,20954,14092,15264,14678.0
2894,29753,0,15565,144,268,206.0
2895,1864,4,39744,1,15,8.0
2896,29266,4,13537,815,289,552.0
2897,36238,0,1326,4860,34704,19782.0
2898,1937,6,25054,22862,6403,14632.5
2899,14428,0,772,33016,31879,32447.5
2900,21124,0,14843,22806,23570,23188.0
2901,7681,0,249,40,16,28.0
2902,40927,0,290,18159,40805,29482.0
2903,31744,4,8674,1,1,1.0
2904,17022,6,3619,22,226,124.0
2905,40127,0,2558,3013,2933,2973.0
2906,30941,1,33174,1,1,1.0
2907,4362,0,8787,10,3,6.5
2908,2529,4,12558,3,23,13.0
2909,13563,1,11475,105,84,94.5
2910,18018,2,916,358,1,179.5
2911,7541,1,7540,1,1,1.0
2912,3741,6,11977,1,1,1.0
2913,7694,1,33571,1,1,1.0
2914,22610,0,27194,45,54,49.5
2915,30249,0,6066,14886,18654,16770.0
2916,658,0,13432,11,9,10.0
2917,40928,0,9369,18864,39150,29007.0
2918,38434,0,9010,3539,6258,4898.5
2919,35192,0,2340,392,1062,727.0
2920,30241,6,28445,1,13,7.0
2921,31972,0,5856,188,13,100.5
2922,35998,1,12005,1,1,1.0
2923,12381,0,1474,14399,34680,24539.5
2924,1678,7,38204,40916,10397,25656.5
2925,3291,1,20544,1,1,1.0
2926,40929,0,239,19040,40578,29809.0
2927,37809,2,18294,3383,18962,11172.5
2928,20655,1,5129,1,1,1.0
2929,11424,1,34792,1,1,1.0
2930,35840,0,11072,13337,31028,22182.5
2931,28978,1,22902,1,1,1.0
2932,11576,6,38596,2,6,4.0
2933,121,6,39924,1,3,2.0
2934,1930,4,36216,15,113,64.0
2935,7939,1,10211,1,1,1.0
2936,2664,0,2624,1143,1376,1259.5
2937,28794,4,27413,1,1,1.0
2938,31592,1,13227,1,1,1.0
2939,5741,0,1817,102,130,116.0
2940,36118,2,743,518,2,260.0
2941,193,6,18878,1,2,1.5
2942,25593,0,4049,35340,40824,38082.0
2943,19214,6,3845,5,11,8.0
2944,23468,1,1116,1,1,1.0
2945,19251,1,13436,1,1,1.0
2946,30832,0,17008,29110,30409,29759.5
2947,15906,1,26088,1,1,1.0
2948,10086,1,10085,1,1,1.0
2949,34554,0,9531,12,2,7.0
2950,11335,1,6726,1,1,1.0
2951,20123,1,21785,1,1,1.0
2952,6265,1,1379,1,1,1.0
2953,26559,6,35828,40868,40907,40887.5
2954,29801,1,16682,1,1,1.0
2955,2714,6,17927,15,11,13.0
2956,3544,6,29062,1,34,17.5
2957,16737,0,2582,6434,13022,9728.0
2958,36490,5,914,7389,40331,23860.0
2959,37791,0,27732,71,11,41.0
2960,17526,4,11245,12,92,52.0
2961,40930,0,9367,14923,36432,25677.5
2962,2054,1,17904,5363,1434,3398.5
2963,14633,6,31433,1589,1678,1633.5
2964,18854,0,7016,1763,1019,1391.0
2965,16304,0,30127,34599,31417,33008.0
2966,1533,0,604,27875,38194,33034.5
2967,39727,1,9142,1,1,1.0
2968,13018,3,4849,1,1,1.0
2969,32445,0,36854,118,29,73.5
2970,7217,1,3387,1,1,1.0
2971,30065,6,21979,7376,15089,11232.5
2972,23039,1,22926,1,1,1.0
2973,32339,1,27741,1,1,1.0
2974,17262,4,33581,221,435,328.0
2975,26419,1,3896,1,1,1.0
2976,2404,6,17683,2241,683,1462.0
2977,10277,1,32396,1,1,1.0
2978,31983,6,2119,18448,22116,20282.0
2979,33189,0,14812,1708,732,1220.0
2980,26452,9,7754,1951,9921,5936.0
2981,19015,1,28438,1,1,1.0
2982,12913,1,9397,1,1,1.0
2983,40931,0,27727,21070,38172,29621.0
2984,29197,1,13612,1,1,1.0
2985,15657,0,4985,15057,20474,17765.5
2986,1419,1,22014,1,1,1.0
2987,22075,4,35020,26,35,30.5
2988,14470,4,37913,15,57,36.0
2989,27837,0,51,8,3,5.5
2990,28719,0,7960,5690,9595,7642.5
2991,8597,1,843,1,1,1.0
2992,14278,0,7240,7905,10364,9134.5
2993,28676,3,28875,1,1,1.0
2994,2970,0,8651,11008,20624,15816.0
2995,17407,6,4098,22,273,147.5
2996,3023,1,19162,1,1,1.0
2997,15599,5,6014,13230,25096,19163.0
2998,23298,0,37796,1,1,1.0
2999,23743,4,1839,94,310,202.0
3000,9242,1,9241,1,1,1.0
3001,40932,0,8840,16602,34134,25368.0
3002,16624,9,15794,1,1,1.0
3003,20097,1,39891,1,1,1.0
3004,24036,5,2176,193,2,97.5
3005,28366,1,34247,1,1,1.0
3006,23644,0,37462,11500,4324,7912.0
3007,9572,9,9571,1,1,1.0
3008,30724,1,28310,1,1,1.0
3009,18933,4,6687,11,65,38.0
3010,17759,0,2861,38825,35536,37180.5
3011,2655,0,9806,11900,10964,11432.0
3012,40933,0,15371,18621,36768,27694.5
3013,2562,0,608,17960,34842,26401.0
3014,12141,1,2443,1,1,1.0
3015,3527,6,20663,2,1,1.5
3016,6937,1,1897,1,1,1.0
3017,38707,1,6267,1,1,1.0
3018,4208,1,4207,1,1,1.0
3019,15639,1,29383,1,1,1.0
3020,2924,4,30666,1,1,1.0
3021,15219,1,38553,1,1,1.0
3022,23158,4,15716,123,212,167.5
3023,9658,0,22831,26124,22816,24470.0
3024,7024,0,6752,5,1,3.0
3025,21950,1,27256,1,1,1.0
3026,34499,0,3934,33915,39965,36940.0
3027,829,0,1677,8,2,5.0
3028,35578,1,3227,1,1,1.0
3029,7908,1,6243,1,7,4.0
3030,1914,6,14604,91,569,330.0
3031,38010,0,30717,3362,4504,3933.0
3032,4049,1,28361,1,1,1.0
3033,40934,0,22330,16957,29161,23059.0
3034,36509,0,1481,6478,12824,9651.0
3035,5741,6,31343,1,1,1.0
3036,17630,1,5576,1,1,1.0
3037,16260,4,1174,10,42,26.0
3038,8162,2,27707,9661,2420,6040.5
3039,28523,9,16965,1,1,1.0
3040,785,8,21817,40935,13597,27266.0
3041,36587,2,121,1847,37241,19544.0
3042,18173,1,1287,1,1,1.0
3043,40935,0,16658,15451,23984,19717.5
3044,4522,0,9758,812,339,575.5
3045,25614,0,86,275,131,203.0
3046,18620,3,6300,1,1,1.0
3047,10303,0,1380,11,10,10.5
3048,8108,0,3229,22386,36312,29349.0
3049,37033,0,20187,2635,1375,2005.0
3050,26386,0,18443,28,20,24.0
3051,38926,0,5480,10470,7162,8816.0
3052,29831,0,12577,2,1,1.5
3053,15782,0,21097,40391,40280,40335.5
3054,22438,1,8094,1,1,1.0
3055,19994,0,1378,11,2,6.5
3056,40936,2,3999,19141,40877,30009.0
3057,1838,0,11464,25144,18371,21757.5
3058,2887,1,7436,1,1,1.0
3059,17401,0,239,795,93,444.0
3060,14405,6,31106,178,1240,709.0
3061,38576,6,23883,128,155,141.5
3062,17088,4,35425,260,627,443.5
3063,849,10,13402,1,1,1.0
3064,35194,0,1027,20,3,11.5
3065,6975,1,3569,1,1,1.0
3066,31905,1,5241,1,1,1.0
3067,26308,5,18855,3396,17333,10364.5
3068,5409,0,9991,11,3,7.0
3069,40030,0,184,6,1,3.5
3070,7245,0,31986,26313,24946,25629.5
3071,34983,1,16742,1,1,1.0
3072,10762,1,12714,1,1,1.0
3073,10953,0,273,21298,24658,22978.0
3074,26769,0,1194,6,2,4.0
3075,12790,6,38666,1,8,4.5
3076,7117,1,7049,1,1,1.0
3077,13484,5,2971,1,1,1.0
3078,20833,0,14547,1276,1056,1166.0
3079,38724,0,29467,18650,12781,15715.5
3080,21248,9,11908,1,1,1.0
3081,32247,0,4877,140,10,75.0
3082,31477,0,20633,2,3,2.5
3083,31511,5,3276,1423,17981,9702.0
3084,624,1,34337,1,1,1.0
3085,25922,1,17748,1,1,1.0
3086,35822,5,172,324,56,190.0
3087,32623,1,5195,1,1,1.0
3088,35874,0,3549,7,3,5.0
3089,24436,1,2798,1,1,1.0
3090,40937,0,5488,19961,38051,29006.0
3091,25966,1,11230,1,1,1.0
3092,16275,1,18980,1,1,1.0
3093,28305,0,3141,1,1,1.0
3094,7862,4,17841,5,35,20.0
3095,26579,0,27595,33726,37206,35466.0
3096,31237,0,2110,4,3,3.5
3097,12959,0,12265,347,300,323.5
3098,40938,0,25310,17983,25376,21679.5
3099,35627,0,3269,22,12,17.0
3100,31471,0,2626,1,4,2.5
3101,18098,1,22245,1,1,1.0
3102,39017,2,121,105,1,53.0
3103,35614,0,5846,9,2,5.5
3104,29207,1,24456,1,1,1.0
3105,1048,1,24443,1,1,1.0
3106,22767,5,6095,3,1,2.0
3107,26405,0,5156,3,1,2.0
3108,12231,0,16476,1,1,1.0
3109,40939,2,2524,17573,40882,29227.5
3110,18566,1,6657,1,1,1.0
3111,7580,0,34614,1015,219,617.0
3112,19496,1,30112,1,1,1.0
3113,40940,0,7382,20800,39966,30383.0
3114,8838,1,20614,1,1,1.0
3115,6546,0,4367,24,4,14.0
3116,37929,2,121,100,4,52.0
3117,30101,1,30632,1,1,1.0
3118,16022,5,914,1171,4833,3002.0
3119,9830,1,34527,1,1,1.0
3120,40941,0,13946,16304,29325,22814.5
3121,39259,0,21,3,7,5.0
3122,28643,0,11339,4524,7459,5991.5
3123,13847,1,14386,1,1,1.0
3124,40942,0,4161,17879,39237,28558.0
3125,16318,0,5178,2598,2674,2636.0
3126,637,6,23571,88,563,325.5
3127,22017,0,883,11,3,7.0
3128,27260,1,35256,1,1,1.0
3129,35120,4,33416,2,6,4.0
3130,26543,1,12312,1,1,1.0
3131,6728,1,6727,1,1,1.0
3132,1742,6,21979,12840,19659,16249.5
3133,23939,0,929,63,5,34.0
